-- phpMyAdmin SQL Dump
-- version 4.8.3
-- https://www.phpmyadmin.net/
--
-- Servidor: localhost
-- Tiempo de generación: 26-05-2020 a las 12:51:16
-- Versión del servidor: 10.1.36-MariaDB
-- Versión de PHP: 7.2.10

SET SQL_MODE = "NO_AUTO_VALUE_ON_ZERO";
SET AUTOCOMMIT = 0;
START TRANSACTION;
SET time_zone = "+00:00";


/*!40101 SET @OLD_CHARACTER_SET_CLIENT=@@CHARACTER_SET_CLIENT */;
/*!40101 SET @OLD_CHARACTER_SET_RESULTS=@@CHARACTER_SET_RESULTS */;
/*!40101 SET @OLD_COLLATION_CONNECTION=@@COLLATION_CONNECTION */;
/*!40101 SET NAMES utf8mb4 */;

--
-- Base de datos: `seguridad_logro`
--

-- --------------------------------------------------------

--
-- Estructura de tabla para la tabla `assignment`
--

CREATE TABLE `assignment` (
  `id` int(11) NOT NULL,
  `created_at` varchar(45) DEFAULT NULL,
  `updated_at` varchar(45) DEFAULT NULL,
  `clients_id` int(11) NOT NULL,
  `date_ini` date DEFAULT NULL,
  `date_end` date DEFAULT NULL
) ENGINE=InnoDB DEFAULT CHARSET=utf8;

--
-- Volcado de datos para la tabla `assignment`
--

INSERT INTO `assignment` (`id`, `created_at`, `updated_at`, `clients_id`, `date_ini`, `date_end`) VALUES
(6, '2020-03-20 14:01:49', '2020-05-18 21:23:03', 4, '2020-03-19', '2021-03-19'),
(7, '2020-03-20 14:04:08', '2020-05-18 21:23:03', 5, '2020-03-20', '2021-03-20'),
(9, '2020-03-20 14:08:39', '2020-05-18 21:23:03', 7, '2020-03-19', '2021-03-19'),
(10, '2020-03-20 14:10:25', '2020-05-18 21:23:03', 54, '2020-03-16', '2021-03-16'),
(11, '2020-03-20 14:12:02', '2020-05-18 21:23:03', 8, '2020-03-20', '2021-03-20'),
(13, '2020-03-20 14:13:21', '2020-05-18 21:23:03', 9, '2020-03-19', '2021-03-19'),
(14, '2020-03-20 14:15:07', '2020-05-18 21:23:03', 10, '2020-03-19', '2021-03-19'),
(15, '2020-03-20 14:17:05', '2020-05-18 21:23:03', 11, '2020-03-20', '2021-03-20'),
(18, '2020-03-20 14:27:06', '2020-05-18 21:23:03', 12, '2020-03-19', '2021-03-19'),
(19, '2020-03-20 14:29:24', '2020-05-18 21:23:03', 72, '2020-03-20', '2021-03-20'),
(21, '2020-03-20 14:44:16', '2020-05-18 21:23:03', 13, '2020-03-19', '2021-03-19'),
(23, '2020-03-20 15:00:39', '2020-05-18 21:23:03', 15, '2020-03-20', '2021-03-20'),
(24, '2020-03-20 15:10:43', '2020-05-18 21:23:03', 18, '2020-03-20', '2021-03-20'),
(25, '2020-03-20 15:13:47', '2020-05-18 21:23:03', 21, '2020-03-17', '2021-03-17'),
(27, '2020-03-20 15:15:27', '2020-05-18 21:23:03', 22, '2020-03-20', '2021-03-20'),
(29, '2020-03-20 15:18:14', '2020-05-18 21:23:03', 23, '2020-03-20', '2021-03-20'),
(30, '2020-03-20 15:19:49', '2020-05-18 21:23:03', 24, '2020-03-20', '2021-03-20'),
(34, '2020-03-20 15:25:32', '2020-05-18 21:23:03', 25, '2020-03-19', '2021-03-19'),
(35, '2020-03-20 15:26:53', '2020-05-18 21:23:03', 26, '2020-03-19', '2021-03-19'),
(44, '2020-03-20 17:36:22', '2020-05-18 21:23:03', 76, '2020-03-16', '2021-03-16'),
(48, '2020-03-20 18:34:23', '2020-05-18 21:23:03', 55, '2020-03-16', '2021-03-16'),
(53, '2020-03-20 18:47:41', '2020-05-18 21:23:03', 42, '2020-03-20', '2021-03-20'),
(54, '2020-03-20 18:49:21', '2020-05-18 21:23:03', 48, '2020-03-18', '2021-03-18'),
(58, '2020-03-20 18:57:25', '2020-05-18 21:23:03', 47, '2020-03-19', '2021-03-19'),
(64, '2020-03-23 17:46:12', '2020-05-18 21:23:03', 14, '2020-03-20', '2021-03-20'),
(65, '2020-03-23 18:12:24', '2020-05-18 21:23:03', 16, '2020-03-20', '2021-03-20'),
(66, '2020-03-23 18:17:55', '2020-05-18 21:23:03', 17, '2020-03-20', '2021-03-20'),
(70, '2020-03-23 18:29:17', '2020-05-18 21:23:03', 64, '2020-03-20', '2021-03-20'),
(71, '2020-03-23 18:30:43', '2020-05-18 21:23:03', 62, '2020-03-20', '2021-03-20'),
(72, '2020-03-23 18:34:08', '2020-05-18 21:23:03', 63, '2020-03-20', '2021-03-20'),
(74, '2020-03-26 14:31:26', '2020-05-18 21:23:03', 44, '2020-03-19', '2021-03-19'),
(76, '2020-03-26 14:35:33', '2020-05-18 21:23:03', 77, '2020-03-16', '2021-03-16'),
(81, '2020-04-20 14:53:00', '2020-05-18 21:23:03', 40, '2020-04-19', '2021-04-19'),
(83, '2020-04-20 15:42:06', '2020-05-18 21:23:03', 29, '2020-04-19', '2021-04-19'),
(84, '2020-04-20 15:51:45', '2020-05-18 21:23:03', 30, '2020-04-18', '2021-04-18'),
(94, '2020-04-20 17:10:47', '2020-05-18 21:23:03', 32, '2020-04-19', '2021-04-19'),
(95, '2020-04-20 17:12:54', '2020-05-18 21:23:03', 73, '2020-04-20', '2021-04-20'),
(96, '2020-04-20 17:35:45', '2020-05-18 21:23:03', 57, '2020-04-18', '2021-04-18'),
(97, '2020-04-20 17:43:57', '2020-05-18 21:23:03', 59, '2020-04-18', '2021-04-18'),
(98, '2020-04-20 17:49:04', '2020-05-18 21:23:03', 60, '2020-04-18', '2021-04-18'),
(99, '2020-04-20 19:45:31', '2020-05-18 21:23:03', 56, '2020-04-18', '2021-04-18'),
(101, '2020-04-20 20:55:00', '2020-05-18 21:23:03', 6, '2020-04-20', '2021-04-20'),
(105, '2020-04-22 19:21:17', '2020-05-18 21:23:03', 88, '2020-04-20', '2021-04-20'),
(106, '2020-04-22 19:25:54', '2020-05-18 21:23:03', 87, '2020-04-20', '2021-04-20'),
(107, '2020-04-22 19:34:53', '2020-05-18 21:23:03', 89, '2020-04-15', '2021-04-15'),
(108, '2020-04-22 19:48:21', '2020-05-18 21:23:03', 90, '2020-04-19', '2021-04-19'),
(109, '2020-04-22 19:49:21', '2020-05-18 21:23:03', 91, '2020-04-17', '2021-04-17'),
(110, '2020-04-22 19:55:16', '2020-05-18 21:23:03', 92, '2020-04-20', '2021-04-20'),
(114, '2020-04-23 17:37:58', '2020-05-18 21:23:03', 96, '2020-04-25', '2021-04-25'),
(115, '2020-04-23 17:39:17', '2020-05-18 21:23:03', 36, '2020-04-20', '2021-04-20'),
(116, '2020-05-05 22:18:07', '2020-05-18 21:23:03', 85, '2020-05-09', '2021-05-09'),
(117, '2020-05-06 22:22:24', '2020-05-18 21:23:03', 97, '2020-05-05', '2021-05-05'),
(118, '2020-05-08 13:28:52', '2020-05-18 21:23:03', 31, '2020-05-01', '2021-05-01'),
(119, '2020-05-08 13:33:15', '2020-05-18 21:23:03', 98, '2020-05-02', '2021-05-02'),
(121, '2020-05-11 13:32:39', '2020-05-18 21:23:03', 39, '2020-05-01', '2021-05-01'),
(122, '2020-05-11 13:43:49', '2020-05-18 21:23:03', 86, '2020-05-02', '2021-05-02'),
(123, '2020-05-11 13:56:42', '2020-05-18 21:23:03', 35, '2020-05-02', '2021-05-02'),
(124, '2020-05-11 14:00:16', '2020-05-18 21:23:03', 41, '2020-05-02', '2021-05-02'),
(127, '2020-05-24 22:06:44', '2020-05-24 22:06:44', 49, '2020-05-24', '2021-05-31');

-- --------------------------------------------------------

--
-- Estructura de tabla para la tabla `assignment_as_watchmen`
--

CREATE TABLE `assignment_as_watchmen` (
  `id` int(11) NOT NULL,
  `watchmen_id` int(11) NOT NULL,
  `assignment_id` int(11) NOT NULL,
  `start` varchar(5) DEFAULT NULL,
  `date_ini` date DEFAULT NULL,
  `date_end` date DEFAULT NULL,
  `replacement_of` int(11) NOT NULL DEFAULT '0',
  `is_active` int(1) NOT NULL DEFAULT '1',
  `shifts_id` int(11) NOT NULL
) ENGINE=InnoDB DEFAULT CHARSET=utf8;

--
-- Volcado de datos para la tabla `assignment_as_watchmen`
--

INSERT INTO `assignment_as_watchmen` (`id`, `watchmen_id`, `assignment_id`, `start`, `date_ini`, `date_end`, `replacement_of`, `is_active`, `shifts_id`) VALUES
(19, 13, 6, 'D', '2020-03-19', NULL, 0, 1, 1),
(20, 14, 6, 'D', '2020-03-19', NULL, 0, 1, 1),
(21, 16, 6, 'N', '2020-03-19', NULL, 0, 1, 1),
(22, 21, 6, 'N', '2020-03-19', NULL, 0, 1, 1),
(23, 23, 6, 'X', '2020-03-19', NULL, 0, 1, 1),
(24, 24, 6, 'X', '2020-03-19', NULL, 0, 1, 1),
(25, 25, 7, 'N', '2020-03-20', NULL, 0, 1, 1),
(26, 26, 7, 'D', '2020-03-20', NULL, 0, 1, 1),
(27, 27, 7, 'X', '2020-03-20', NULL, 0, 1, 1),
(37, 30, 9, 'D', '2020-03-19', NULL, 0, 1, 1),
(38, 31, 9, 'X', '2020-03-19', NULL, 0, 1, 1),
(39, 32, 9, 'N', '2020-03-19', NULL, 0, 1, 1),
(40, 143, 10, 'D', '2020-03-16', NULL, 0, 1, 6),
(41, 146, 11, 'X', '2020-03-20', NULL, 0, 1, 1),
(42, 148, 11, 'D', '2020-03-20', NULL, 0, 1, 1),
(43, 149, 11, 'N', '2020-03-20', NULL, 0, 1, 1),
(50, 150, 13, 'D', '2020-03-19', NULL, 0, 1, 8),
(51, 151, 14, 'X', '2020-03-19', NULL, 0, 1, 8),
(52, 152, 15, 'D', '2020-03-20', NULL, 0, 1, 1),
(53, 154, 15, 'N', '2020-03-20', NULL, 0, 1, 1),
(54, 156, 15, 'X', '2020-03-20', NULL, 0, 1, 1),
(74, 157, 18, 'D', '2020-03-19', NULL, 0, 1, 1),
(75, 158, 18, 'N', '2020-03-19', NULL, 0, 1, 1),
(76, 159, 18, 'X', '2020-03-19', NULL, 0, 1, 1),
(77, 161, 19, 'X', '2020-03-20', NULL, 0, 1, 1),
(78, 163, 19, 'X', '2020-03-20', NULL, 0, 1, 1),
(79, 166, 19, 'D', '2020-03-20', NULL, 0, 1, 1),
(80, 167, 19, 'D', '2020-03-20', NULL, 0, 1, 1),
(81, 168, 19, 'N', '2020-03-20', NULL, 0, 1, 1),
(82, 170, 19, 'N', '2020-03-20', NULL, 0, 1, 1),
(86, 178, 21, 'N', '2020-03-19', NULL, 0, 1, 1),
(87, 197, 21, 'D', '2020-03-19', NULL, 0, 1, 1),
(88, 180, 21, 'X', '2020-03-19', NULL, 0, 1, 1),
(98, 169, 23, 'D', '2020-03-20', NULL, 0, 1, 1),
(99, 142, 23, 'D', '2020-03-20', NULL, 0, 1, 1),
(100, 172, 23, 'N', '2020-03-20', NULL, 0, 1, 1),
(101, 177, 23, 'N', '2020-03-20', NULL, 0, 1, 1),
(102, 182, 23, 'X', '2020-03-20', NULL, 0, 1, 1),
(103, 183, 23, 'X', '2020-03-20', NULL, 0, 1, 1),
(104, 186, 24, 'D', '2020-03-20', NULL, 0, 1, 1),
(105, 190, 24, 'N', '2020-03-20', NULL, 0, 1, 1),
(106, 234, 24, 'X', '2020-03-20', NULL, 0, 1, 1),
(107, 200, 25, 'D', '2020-03-17', NULL, 0, 1, 1),
(108, 201, 25, 'N', '2020-03-17', NULL, 0, 1, 1),
(109, 202, 25, 'X', '2020-03-17', NULL, 0, 1, 1),
(119, 203, 27, 'D', '2020-03-20', '2020-04-25', 0, 0, 1),
(120, 204, 27, 'N', '2020-03-20', NULL, 0, 1, 1),
(121, 205, 27, 'X', '2020-03-20', NULL, 0, 1, 1),
(123, 206, 29, 'N', '2020-03-20', NULL, 0, 1, 1),
(124, 207, 29, 'X', '2020-03-20', NULL, 0, 1, 1),
(125, 208, 29, 'D', '2020-03-20', NULL, 0, 1, 1),
(126, 209, 30, 'D', '2020-03-20', NULL, 0, 1, 1),
(127, 210, 30, 'X', '2020-03-20', NULL, 0, 1, 1),
(128, 211, 30, 'N', '2020-03-20', NULL, 0, 1, 1),
(139, 215, 34, 'D', '2020-03-19', NULL, 0, 1, 1),
(140, 216, 34, 'D', '2020-03-19', NULL, 0, 1, 1),
(141, 217, 34, 'N', '2020-03-19', NULL, 0, 1, 1),
(142, 218, 34, 'N', '2020-03-19', NULL, 0, 1, 1),
(143, 219, 34, 'X', '2020-03-19', NULL, 0, 1, 1),
(144, 220, 34, 'X', '2020-03-19', NULL, 0, 1, 1),
(145, 221, 35, 'D', '2020-03-19', NULL, 0, 1, 1),
(146, 222, 35, 'N', '2020-03-19', NULL, 0, 1, 1),
(147, 223, 35, 'X', '2020-03-19', NULL, 0, 1, 1),
(180, 224, 44, 'D', '2020-03-16', NULL, 0, 1, 5),
(184, 8, 48, 'D', '2020-03-16', NULL, 0, 1, 5),
(215, 144, 53, 'X', '2020-03-20', NULL, 0, 1, 1),
(216, 145, 53, 'N', '2020-03-20', NULL, 0, 1, 1),
(217, 147, 53, 'D', '2020-03-20', NULL, 0, 1, 1),
(218, 153, 54, 'N', '2020-03-18', NULL, 0, 1, 12),
(224, 173, 58, 'X', '2020-03-19', NULL, 0, 1, 9),
(237, 1, 64, 'X', '2020-03-20', NULL, 0, 1, 3),
(238, 3, 64, 'N', '2020-03-20', NULL, 0, 1, 3),
(239, 4, 64, 'D', '2020-03-20', NULL, 0, 1, 3),
(240, 2, 64, 'X', '2020-03-22', NULL, 0, 1, 3),
(241, 269, 65, 'X', '2020-03-20', NULL, 0, 1, 1),
(242, 270, 65, 'X', '2020-03-20', NULL, 0, 1, 1),
(243, 271, 65, 'D', '2020-03-20', NULL, 0, 1, 1),
(244, 272, 65, 'D', '2020-03-20', NULL, 0, 1, 1),
(245, 273, 65, 'N', '2020-03-20', NULL, 0, 1, 1),
(246, 274, 65, 'N', '2020-03-20', NULL, 0, 1, 1),
(247, 275, 66, 'X', '2020-03-20', NULL, 0, 1, 1),
(248, 276, 66, 'D', '2020-03-20', NULL, 0, 1, 1),
(249, 277, 66, 'N', '2020-03-20', NULL, 0, 1, 1),
(255, 256, 70, 'N', '2020-03-20', NULL, 0, 1, 11),
(256, 251, 71, 'X', '2020-03-20', NULL, 0, 1, 1),
(257, 252, 71, 'N', '2020-03-20', NULL, 0, 1, 1),
(258, 253, 71, 'D', '2020-03-20', NULL, 0, 1, 1),
(259, 255, 72, 'X', '2020-03-20', NULL, 0, 1, 10),
(260, 254, 72, 'D', '2020-03-25', NULL, 0, 1, 10),
(262, 285, 74, 'D', '2020-03-19', NULL, 0, 1, 1),
(263, 284, 74, 'X', '2020-03-19', NULL, 0, 1, 1),
(264, 283, 74, 'N', '2020-03-19', NULL, 0, 1, 1),
(268, 225, 76, 'D', '2020-03-16', NULL, 0, 1, 6),
(285, 127, 81, 'N', '2020-04-19', NULL, 0, 1, 1),
(286, 128, 81, 'N', '2020-04-19', NULL, 0, 1, 1),
(287, 129, 81, 'N', '2020-04-19', NULL, 0, 1, 1),
(288, 130, 81, 'X', '2020-04-19', NULL, 0, 1, 1),
(289, 131, 81, 'X', '2020-04-19', NULL, 0, 1, 1),
(290, 132, 81, 'X', '2020-04-19', NULL, 0, 1, 1),
(291, 175, 81, 'D', '2020-04-19', NULL, 0, 1, 1),
(292, 267, 81, 'D', '2020-04-19', NULL, 0, 1, 1),
(293, 135, 81, 'D', '2020-04-19', NULL, 0, 1, 1),
(303, 53, 83, 'D', '2020-04-19', NULL, 0, 1, 1),
(304, 54, 83, 'D', '2020-04-19', '2020-05-09', 0, 0, 1),
(305, 55, 83, 'D', '2020-04-19', NULL, 0, 1, 1),
(306, 56, 83, 'N', '2020-04-19', NULL, 0, 1, 1),
(307, 57, 83, 'N', '2020-04-19', NULL, 0, 1, 1),
(308, 58, 83, 'N', '2020-04-19', NULL, 0, 1, 1),
(309, 77, 83, 'X', '2020-04-19', NULL, 0, 1, 1),
(310, 60, 83, 'X', '2020-04-19', NULL, 0, 1, 1),
(311, 61, 83, 'X', '2020-04-19', NULL, 0, 1, 1),
(312, 63, 84, 'N', '2020-04-18', NULL, 0, 1, 1),
(313, 64, 84, 'N', '2020-04-18', NULL, 0, 1, 1),
(314, 65, 84, 'N', '2020-04-18', '2020-05-08', 0, 0, 1),
(315, 66, 84, 'D', '2020-04-18', NULL, 0, 1, 1),
(316, 67, 84, 'D', '2020-04-18', NULL, 0, 1, 1),
(317, 68, 84, 'D', '2020-04-18', NULL, 0, 1, 1),
(318, 70, 84, 'X', '2020-04-18', NULL, 0, 1, 1),
(319, 265, 84, 'X', '2020-04-18', '2020-04-23', 0, 0, 1),
(320, 71, 84, 'X', '2020-04-18', NULL, 0, 1, 1),
(354, 78, 94, 'N', '2020-04-19', NULL, 0, 1, 1),
(355, 79, 94, 'N', '2020-04-19', NULL, 0, 1, 1),
(356, 80, 94, 'N', '2020-04-19', NULL, 0, 1, 1),
(357, 81, 94, 'N', '2020-04-19', NULL, 0, 1, 1),
(358, 82, 94, 'N', '2020-04-19', NULL, 0, 1, 1),
(359, 83, 94, 'N', '2020-04-19', NULL, 0, 1, 1),
(360, 84, 94, 'X', '2020-04-19', NULL, 0, 1, 1),
(361, 85, 94, 'X', '2020-04-19', NULL, 0, 1, 1),
(362, 109, 94, 'X', '2020-04-19', NULL, 0, 1, 1),
(363, 87, 94, 'X', '2020-04-19', NULL, 0, 1, 1),
(364, 88, 94, 'X', '2020-04-19', NULL, 0, 1, 1),
(365, 89, 94, 'X', '2020-04-19', NULL, 0, 1, 1),
(366, 90, 94, 'D', '2020-04-19', NULL, 0, 1, 1),
(367, 91, 94, 'D', '2020-04-19', NULL, 0, 1, 1),
(368, 171, 94, 'D', '2020-04-19', NULL, 0, 1, 1),
(369, 93, 94, 'D', '2020-04-19', NULL, 0, 1, 1),
(370, 94, 94, 'D', '2020-04-19', NULL, 0, 1, 1),
(371, 95, 94, 'D', '2020-04-19', NULL, 0, 1, 1),
(372, 103, 95, 'N', '2020-04-20', NULL, 0, 1, 1),
(373, 231, 95, 'D', '2020-04-20', NULL, 0, 1, 1),
(374, 114, 95, 'X', '2020-04-20', NULL, 0, 1, 1),
(375, 10, 96, 'D', '2020-04-18', NULL, 0, 1, 1),
(376, 12, 96, 'D', '2020-04-18', NULL, 0, 1, 1),
(377, 266, 96, 'D', '2020-04-18', NULL, 0, 1, 1),
(378, 17, 96, 'D', '2020-04-18', NULL, 0, 1, 1),
(379, 136, 96, 'D', '2020-04-18', NULL, 0, 1, 1),
(380, 19, 96, 'D', '2020-04-18', NULL, 0, 1, 1),
(381, 20, 96, 'D', '2020-04-18', NULL, 0, 1, 1),
(382, 22, 96, 'D', '2020-04-18', NULL, 0, 1, 1),
(383, 33, 97, 'N', '2020-04-18', '2020-04-23', 0, 0, 1),
(384, 34, 97, 'N', '2020-04-18', NULL, 0, 1, 1),
(385, 35, 97, 'N', '2020-04-18', NULL, 0, 1, 1),
(386, 36, 97, 'N', '2020-04-18', '2020-05-22', 0, 0, 1),
(387, 37, 97, 'N', '2020-04-18', NULL, 0, 1, 1),
(388, 38, 97, 'N', '2020-04-18', NULL, 0, 1, 1),
(389, 39, 97, 'N', '2020-04-18', NULL, 0, 1, 1),
(390, 40, 97, 'N', '2020-04-18', NULL, 0, 1, 1),
(391, 41, 98, 'X', '2020-04-18', NULL, 0, 1, 1),
(392, 42, 98, 'X', '2020-04-18', NULL, 0, 1, 1),
(393, 43, 98, 'X', '2020-04-18', '2020-05-12', 0, 0, 1),
(394, 44, 98, 'X', '2020-04-18', NULL, 0, 1, 1),
(395, 45, 98, 'X', '2020-04-18', '2020-05-12', 0, 0, 1),
(396, 46, 98, 'X', '2020-04-18', NULL, 0, 1, 1),
(397, 47, 98, 'X', '2020-04-18', NULL, 0, 1, 1),
(398, 49, 98, 'X', '2020-04-18', NULL, 0, 1, 1),
(400, 50, 99, 'D', '2020-04-18', NULL, 0, 1, 1),
(401, 51, 99, 'N', '2020-04-18', NULL, 0, 1, 1),
(402, 238, 99, 'X', '2020-04-18', NULL, 0, 1, 1),
(405, 28, 101, 'X', '2020-04-20', NULL, 0, 1, 1),
(406, 11, 101, 'N', '2020-04-20', NULL, 0, 1, 1),
(407, 29, 101, 'D', '2020-04-20', NULL, 0, 1, 1),
(422, 189, 105, 'D', '2020-04-20', NULL, 0, 1, 1),
(423, 191, 105, 'N', '2020-04-20', NULL, 0, 1, 1),
(424, 192, 105, 'X', '2020-04-20', NULL, 0, 1, 1),
(425, 193, 105, 'N', '2020-04-20', NULL, 0, 1, 13),
(426, 194, 105, 'X', '2020-04-20', NULL, 0, 1, 4),
(427, 226, 106, 'D', '2020-04-20', NULL, 0, 1, 1),
(428, 227, 106, 'X', '2020-04-20', NULL, 0, 1, 1),
(429, 228, 106, 'N', '2020-04-20', NULL, 0, 1, 1),
(430, 229, 106, 'D', '2020-04-20', NULL, 0, 1, 5),
(431, 5, 107, 'X', '2020-04-15', NULL, 0, 1, 1),
(432, 6, 107, 'D', '2020-04-15', NULL, 0, 1, 1),
(433, 7, 107, 'N', '2020-04-15', NULL, 0, 1, 1),
(434, 9, 107, 'X', '2020-04-15', NULL, 0, 1, 13),
(435, 62, 107, 'N', '2020-04-15', NULL, 0, 1, 4),
(436, 176, 108, 'X', '2020-04-19', NULL, 0, 1, 1),
(437, 179, 108, 'D', '2020-04-19', NULL, 0, 1, 1),
(438, 181, 108, 'N', '2020-04-19', NULL, 0, 1, 1),
(439, 184, 108, 'X', '2020-04-19', NULL, 0, 1, 3),
(440, 187, 108, 'N', '2020-04-19', NULL, 0, 1, 3),
(441, 188, 108, 'D', '2020-04-19', NULL, 0, 1, 3),
(442, 185, 108, 'X', '2020-04-21', NULL, 0, 1, 3),
(443, 196, 109, 'D', '2020-04-17', NULL, 0, 1, 1),
(444, 195, 109, 'X', '2020-04-17', NULL, 0, 1, 1),
(445, 199, 109, 'N', '2020-04-17', NULL, 0, 1, 1),
(446, 160, 110, 'D', '2020-04-20', NULL, 0, 1, 1),
(447, 162, 110, 'N', '2020-04-20', NULL, 0, 1, 1),
(448, 164, 110, 'X', '2020-04-20', NULL, 0, 1, 1),
(449, 18, 110, 'X', '2020-04-20', '2020-05-12', 0, 0, 9),
(479, 15, 27, 'D', '2020-04-25', NULL, 119, 1, 1),
(481, 287, 97, 'N', '2020-04-23', '2020-05-12', 383, 0, 1),
(482, 288, 84, 'X', '2020-04-23', '2020-05-08', 319, 0, 1),
(483, 117, 114, 'D', '2020-04-25', NULL, 0, 1, 1),
(484, 118, 114, 'N', '2020-04-25', NULL, 0, 1, 1),
(485, 121, 114, 'X', '2020-04-25', NULL, 0, 1, 1),
(486, 133, 114, 'D', '2020-04-25', NULL, 0, 1, 1),
(487, 265, 114, 'N', '2020-04-25', NULL, 0, 1, 1),
(488, 33, 114, 'X', '2020-04-25', NULL, 0, 1, 1),
(489, 119, 114, 'N', '2020-04-24', NULL, 0, 1, 9),
(490, 115, 115, 'N', '2020-04-20', NULL, 0, 1, 9),
(491, 92, 116, 'D', '2020-05-09', NULL, 0, 1, 14),
(492, 232, 116, 'N', '2020-05-13', NULL, 0, 1, 4),
(493, 290, 116, 'D', '2020-05-11', NULL, 0, 1, 5),
(494, 291, 117, 'X', '2020-05-05', NULL, 0, 1, 1),
(495, 250, 117, 'D', '2020-05-05', NULL, 0, 1, 1),
(496, 249, 117, 'N', '2020-05-05', NULL, 0, 1, 1),
(497, 243, 83, 'N', '2020-05-09', NULL, 304, 1, 1),
(498, 242, 84, 'X', '2020-05-08', NULL, 314, 1, 1),
(499, 99, 84, 'D', '2020-05-08', NULL, 482, 1, 1),
(500, 72, 118, 'D', '2020-05-01', NULL, 0, 1, 1),
(501, 73, 118, 'D', '2020-05-01', NULL, 0, 1, 1),
(502, 74, 118, 'N', '2020-05-01', NULL, 0, 1, 1),
(503, 75, 118, 'N', '2020-05-01', NULL, 0, 1, 1),
(504, 59, 118, 'X', '2020-05-01', NULL, 0, 1, 1),
(505, 76, 118, 'X', '2020-05-01', NULL, 0, 1, 1),
(506, 236, 118, 'X', '2020-05-01', NULL, 0, 1, 9),
(507, 96, 119, 'X', '2020-05-02', NULL, 0, 1, 9),
(512, 123, 121, 'N', '2020-05-01', NULL, 0, 1, 3),
(513, 124, 121, 'D', '2020-05-01', NULL, 0, 1, 3),
(514, 125, 121, 'X', '2020-05-03', NULL, 0, 1, 3),
(515, 264, 121, 'X', '2020-05-01', NULL, 0, 1, 3),
(516, 97, 122, 'D', '2020-05-02', NULL, 0, 1, 1),
(517, 98, 122, 'D', '2020-05-02', NULL, 0, 1, 1),
(518, 247, 122, 'D', '2020-05-20', NULL, 0, 1, 1),
(519, 100, 122, 'X', '2020-05-02', NULL, 0, 1, 1),
(520, 101, 122, 'X', '2020-05-02', NULL, 0, 1, 1),
(521, 102, 122, 'X', '2020-05-02', NULL, 0, 1, 1),
(522, 107, 122, 'N', '2020-05-02', NULL, 0, 1, 1),
(523, 104, 122, 'N', '2020-05-02', NULL, 0, 1, 1),
(524, 278, 122, 'N', '2020-05-02', NULL, 0, 1, 1),
(525, 268, 123, 'N', '2020-05-02', NULL, 0, 1, 1),
(526, 108, 123, 'N', '2020-05-02', NULL, 0, 1, 1),
(527, 286, 123, 'N', '2020-05-02', NULL, 0, 1, 1),
(528, 137, 123, 'D', '2020-05-02', NULL, 0, 1, 1),
(529, 111, 123, 'D', '2020-05-02', NULL, 0, 1, 1),
(530, 65, 123, 'D', '2020-05-02', '2020-05-22', 0, 0, 1),
(531, 112, 123, 'X', '2020-05-02', NULL, 0, 1, 1),
(532, 113, 123, 'X', '2020-05-02', NULL, 0, 1, 1),
(533, 54, 123, 'X', '2020-05-02', NULL, 0, 1, 1),
(534, 140, 124, 'D', '2020-05-02', NULL, 0, 1, 1),
(535, 203, 124, 'D', '2020-05-02', NULL, 0, 1, 1),
(536, 138, 124, 'N', '2020-05-02', NULL, 0, 1, 1),
(537, 139, 124, 'N', '2020-05-02', NULL, 0, 1, 1),
(538, 198, 124, 'X', '2020-05-02', NULL, 0, 1, 1),
(539, 141, 124, 'X', '2020-05-02', NULL, 0, 1, 1),
(540, 257, 96, 'N', '2020-05-02', '2020-05-11', 0, 0, 1),
(541, 122, 96, 'N', '2020-05-02', NULL, 0, 1, 1),
(545, 262, 98, 'X', '2020-05-12', NULL, 0, 1, 1),
(546, 288, 98, 'X', '2020-05-12', NULL, 0, 1, 1),
(547, 165, 110, 'N', '2020-05-10', NULL, 0, 1, 9),
(548, 18, 98, 'X', '2020-05-12', NULL, 0, 1, 1),
(549, 105, 97, 'X', '2020-05-08', NULL, 0, 1, 1),
(550, 293, 97, 'X', '2020-05-08', NULL, 0, 1, 1),
(551, 292, 123, 'D', '2020-05-22', NULL, 0, 1, 1),
(552, 65, 97, 'D', '2020-05-22', NULL, 386, 1, 1),
(554, 280, 127, 'X', '2020-05-25', NULL, 0, 1, 1),
(555, 106, 127, 'N', '2020-05-25', NULL, 0, 1, 1),
(556, 282, 127, 'D', '2020-05-25', NULL, 0, 1, 1);

-- --------------------------------------------------------

--
-- Estructura de tabla para la tabla `clients`
--

CREATE TABLE `clients` (
  `id` int(11) NOT NULL,
  `name` varchar(200) NOT NULL,
  `salary` float NOT NULL,
  `num_watchmen` int(11) NOT NULL DEFAULT '1',
  `num_services` int(11) NOT NULL DEFAULT '0',
  `is_active` int(1) NOT NULL DEFAULT '0',
  `created_at` timestamp NULL DEFAULT NULL,
  `updated_at` timestamp NULL DEFAULT NULL,
  `shifts_id` int(11) NOT NULL,
  `email` varchar(200) NOT NULL,
  `phone` varchar(15) NOT NULL,
  `address` longtext NOT NULL,
  `name_person` varchar(190) NOT NULL,
  `type_of_programming` int(1) NOT NULL DEFAULT '1',
  `is_delete` int(1) NOT NULL DEFAULT '0'
) ENGINE=InnoDB DEFAULT CHARSET=utf8;

--
-- Volcado de datos para la tabla `clients`
--

INSERT INTO `clients` (`id`, `name`, `salary`, `num_watchmen`, `num_services`, `is_active`, `created_at`, `updated_at`, `shifts_id`, `email`, `phone`, `address`, `name_person`, `type_of_programming`, `is_delete`) VALUES
(4, 'CROWE CO S.A.S.', 1653930, 6, 0, 1, '2020-03-18 14:08:24', '2020-05-20 22:45:59', 1, 'juan.jimenez@crowe.com.co', '3142437989', 'CARRERA 16 # 93 - 92', 'JUAN RAMÓN JIMENEZ', 1, 0),
(5, 'EDIFICIO LA HISPAÑOLA', 1375660, 3, 0, 1, '2020-03-18 14:11:26', '2020-05-14 20:35:31', 1, 'admonhispanola@hotmail.com', '3175179950', 'CALLE 145 A # 19 - 26', 'MARIA DEL PILAR FERNANDEZ', 1, 0),
(6, 'BALCONES DE CATALINA', 1351420, 3, 0, 1, '2020-03-18 14:13:41', '2020-05-14 20:37:05', 1, 'balconesdecatalina2015@hotmail.com', '3015802983', 'CALLE 1 # 7 - 90 CAJICA', 'CARMEN RIVERA', 1, 0),
(7, 'HACIENDA LACTEOS SAN MATEO SEDE CAJICA', 1295640, 3, 0, 1, '2020-03-18 14:15:13', '2020-03-18 20:08:14', 1, 'gestionhumana@lacteoshaciendasanmateo.com', '3102696960', 'CARRERA 6 VÍA MANZANO BARRIO CAPELLANÍA - CAJICA', 'ADRIANA MUÑOZ', 1, 0),
(8, 'EDIFICIO LARES 95', 1375660, 3, 0, 1, '2020-03-18 14:17:23', '2020-05-14 20:39:31', 1, 'admonlares95@hotmail.com', '3146290680', 'TRANSVERSAL 19 A # 95 - 56', 'LUZ FANY AGUILAR', 1, 0),
(9, 'TRANSPORTE BERMUDEZ S.A.', 1516480, 1, 0, 1, '2020-03-18 14:26:06', '2020-05-14 20:37:42', 8, 'gestionhumana@transbermudez.com', '2696812', 'CARRERA 40 N # 24 A - 71', 'GLADYS BERMUDEZ', 1, 0),
(10, 'RELEVANTE TRANSBERMUDEZ Y PORTAL MODELIA', 1273830, 1, 0, 1, '2020-03-18 14:32:07', '2020-03-18 20:12:55', 8, 'yuli.laiseca.operaciones@gmail.com', '3186951649', 'CARRERA 53 # 44 - 38', 'YULI CAROLINA LAISECA CAICEDO', 1, 0),
(11, 'EDIFICIO BOREAL P.H.', 1375660, 3, 0, 1, '2020-03-18 14:40:09', '2020-05-14 20:38:03', 1, 'edificioborealph@gmail.com', '3134066107', 'CARRERA 7 D # 127 C - 63', 'ALEXANDER PICHIMATA', 1, 0),
(12, 'EDIFICIO PORTAL DEL PARQUE', 1360620, 3, 0, 1, '2020-03-18 14:41:46', '2020-05-14 20:38:29', 1, 'edificioportaldelparqueph@hotmail.com', '3017065976', 'CARRERA 19 A # 137 - 37', 'LINA NAVARRO', 1, 0),
(13, 'CONJUNTO RESIDENCIAL KASAY I', 1100000, 3, 0, 1, '2020-03-18 14:44:15', '2020-03-18 14:44:15', 1, 'mirianpte@hotmail.com', '3183542287', 'CARRERA 98 B # 69 SUR - 06', 'LUZ MIRIAN BELTRAN', 1, 0),
(14, 'UNIVERSAL DE TRANSPORTES', 1571150, 4, 0, 1, '2020-03-18 14:49:27', '2020-05-14 20:21:31', 3, 'universalrodamiento1@gmail.com', '3152993978', 'CALLE 51 SUR # 16 - 24/54', 'LUIS ERNESTO GONZALEZ', 1, 0),
(15, 'CENTRO EJECUTIVO EL DORADO', 1375660, 6, 0, 1, '2020-03-18 14:51:17', '2020-05-14 19:51:34', 1, 'gerencia@todesaltda.com.co', '3108598867', 'CARRERA 127 # 22 G - 15 FONTIBON', 'JOSE LISANDRO MOLINA', 1, 0),
(16, 'CONJUNTO RESIDENCIAL MAZUREN 04', 1390660, 6, 0, 1, '2020-03-18 14:51:33', '2020-05-14 20:40:28', 1, 'conjuntoresidencial.mazuren04@gmail.com', '3125401405', 'CALLE 152 A # 46 - 15', 'JOSE VICENTE RUIZ', 1, 0),
(17, 'BUSES BLANCOS', 1375660, 3, 0, 1, '2020-03-18 14:54:43', '2020-05-14 20:39:55', 1, 'contactenos@busesblancos.com.co', '3015191014', 'CALLE 63 SUR # 80 - 22', 'OMAR ARCOZ', 1, 0),
(18, 'EDIFICIO SAN MARTIN', 1399360, 3, 0, 1, '2020-03-18 14:55:53', '2020-05-14 19:52:24', 1, 'gerencia@todesaltda.com.co', '3144093476', 'CALLE 30 A # 6 - 22', 'JOSE LISANDRO MOLINA', 1, 0),
(20, 'ITTSA', 1295400, 1, 0, 1, '2020-03-18 15:07:22', '2020-05-14 19:53:12', 5, 'secretariaittsa@yahoo.com', '3152608180', 'CALLE 17 B # 96 C 57', 'ISLENA BONILLA', 1, 0),
(21, 'MOLSABANA', 1405770, 3, 0, 1, '2020-03-18 15:10:49', '2020-05-14 19:54:28', 1, 'ana.r@fortecem.net', '3502483440', 'ZONA FRANCA DE TOCANCIPA', 'ANA GABRIELA RAMIREZ MEDINA', 1, 0),
(22, 'CONDOMINIOS DEL RECREO 2', 1297070, 3, 0, 1, '2020-03-18 15:14:27', '2020-05-14 19:58:26', 1, 'carmenedilbosa83@hotmail.com', '3023272617', 'CARRERA 97 C # 71 - 30 SUR', 'CARMEN LADINO', 1, 0),
(23, 'CONDADOS DE LA SABANA', 1297070, 3, 0, 1, '2020-03-18 15:18:06', '2020-05-14 19:58:53', 1, 'carmenedilbosa83@hotmail.com', '3023272617', 'CALLE 71 SUR # 98 B - 50', 'CARMEN LADINO', 1, 0),
(24, 'MOLINO DE LA ABADIA', 1375660, 3, 0, 1, '2020-03-18 15:21:46', '2020-05-14 20:02:24', 1, 'conjuntomolinoabadia@hotmail.com', '3138547455', 'CARRERA 99 BIS # 23 H - 49', 'ELENA RODRIGUEZ', 1, 0),
(25, 'CONJUNTO URAPANES CALLE 80', 1280660, 6, 0, 1, '2020-03-18 15:32:15', '2020-05-14 20:05:55', 1, 'agrupacionurapanes@hotmail.com', '3158808985', 'CARRERA 111 C # 80 A - 20', 'EDGAR GIOVANY PINZON', 1, 0),
(26, 'EDIFICO URAPANES CALLE 94', 1399360, 3, 0, 1, '2020-03-18 15:42:57', '2020-05-14 20:06:27', 1, 'edificiourapanes18@gmail.com', '3005501074', 'CALLE 94 # 21 - 47', 'GLADIS FONSECA', 1, 0),
(29, 'PATIO PORVENIR', 1375660, 9, 0, 1, '2020-03-18 18:42:34', '2020-05-14 20:27:44', 1, 'jefeseguridad.administrativo@masivocapital.co', '3017200508', 'cll 49 sur # 89-53', 'NELSON BARACALDO', 1, 0),
(30, 'PATIO BRASIL', 1375660, 9, 0, 1, '2020-03-18 18:47:14', '2020-05-14 20:28:16', 1, 'jefeseguridad.administrativo@masivocapital.co', '3017200508', 'cll 49 sur 88-00', 'NELSON BARACALDO', 1, 0),
(31, 'PATIO CORZO', 1375660, 7, 0, 1, '2020-03-18 18:56:43', '2020-05-14 20:28:36', 100, 'jefeseguridad.administrativo@masivocapital.co', '3017200508', 'CLL 54 SUR  # 91- 00', 'NELSON BARACALDO', 2, 0),
(32, 'PATIO SAN BERNO', 1375660, 18, 0, 1, '2020-03-18 18:59:14', '2020-05-14 20:28:51', 1, 'jefeseguridad.administrativo@masivocapital.co', '3017200508', 'CLL 73 SUR #95-00', 'NELSON BARACALDO', 1, 0),
(35, 'PATIO MAGDALENA', 1375660, 6, 0, 1, '2020-03-18 19:10:15', '2020-05-14 20:29:08', 1, 'jefeseguridad.administrativo@masivocapital.co', '3017200508', 'CRA 99F # 5A-10', 'NELSON BARACALDO', 1, 0),
(36, 'RELEVANTE SAN BERNARDINO  Y PATIO JUANA', 1375660, 1, 0, 1, '2020-03-18 19:11:10', '2020-05-14 20:29:27', 9, 'jefeseguridad.administrativo@masivocapital.co', '3017200508', 'BOSA', 'NELSON BARACALDO', 1, 0),
(39, 'PATIO BOSA CENTRO', 1375660, 3, 0, 1, '2020-03-18 19:16:43', '2020-05-14 20:30:31', 3, 'jefeseguridad.administrativo@masivocapital.co', '3017200508', 'BOSA CENTRO', 'NELSON BARACALDO', 1, 0),
(40, 'PATIO SALITRE', 1375660, 9, 0, 1, '2020-03-18 19:17:41', '2020-05-14 20:29:49', 1, 'jefeseguridad.administrativo@masivocapital.co', '3017200508', 'CRA 91 # 169-00', 'NELSON BARACALDO', 1, 0),
(41, 'PATIO CIPRES', 1375660, 6, 0, 1, '2020-03-18 19:18:31', '2020-05-14 20:30:15', 1, 'jefeseguridad.administrativo@masivocapital.co', '3017200508', 'CLL 222 # 54-01', 'NELSON BARACALDO', 1, 0),
(42, 'DISERTRANS', 1375660, 3, 0, 1, '2020-03-18 19:25:55', '2020-05-14 20:39:04', 1, 'helber.lugo@transmonserrate.com', '3143134628', 'CLL 73 SUR # 98-15', 'ELVER LUGO', 1, 0),
(44, 'LAS DELICIAS', 1375660, 3, 0, 1, '2020-03-18 19:35:11', '2020-05-14 20:07:12', 1, 'john1981rosas@gmail.com', '3015191014', 'AUTOPISTA SUR # 59 A - 50', 'ESTIBEN LOPEZ', 1, 0),
(47, 'RELEVANTE SOPETRANS  VECINAL Y DISPONIBLE', 1200000, 1, 0, 1, '2020-03-18 19:50:31', '2020-04-20 17:58:55', 9, 'cesar.bayonaseguridadlogro@gmail.com', '3162482225', 'FUNZA', 'CESAR BAYONA', 1, 0),
(48, 'SOPETRANS', 1345790, 1, 0, 1, '2020-03-18 19:51:53', '2020-05-14 20:20:57', 12, 'sopetransfax@hotmail.com', '3168640957', 'FUNZA', 'carlos arturo rodriguez', 1, 0),
(49, 'TORRES DE SUBA', 1375660, 3, 0, 1, '2020-03-18 19:55:50', '2020-05-14 20:07:51', 1, 'john1981rosas@gmail.com', '3176651889', 'CARRERA 103 F # 136 A - 08', 'YENY FORERO', 1, 0),
(54, 'HACIENDA LACTEOS SAN MATEO SEDE CARVAJAL', 1370430, 1, 0, 1, '2020-03-18 20:11:13', '2020-03-18 20:11:13', 6, 'gestionhumana@lacteoshaciendasanmateo.com', '3102696960', 'CALLE 45 B BARRIO CARVAJAL', 'ADRIANA MUÑOZ', 1, 0),
(55, 'CAPITAL BUS RECEPCIONISTA', 1200000, 1, 0, 1, '2020-03-18 20:14:05', '2020-03-18 20:14:05', 5, 'julian.castelblanco@capitalbus.com.co', '318 3542287', 'AMERICAS', 'JULIAN CASTELBLANCO', 1, 0),
(56, 'CAPITAL BUS SUPERVISORES', 1390000, 3, 0, 1, '2020-03-18 20:16:23', '2020-03-20 18:34:56', 1, 'julian.castelblanco@capitalbus.com.co', '318 3542287', 'AMERICAS', 'JULIAN CASTELBLANCO', 1, 0),
(57, 'CAPITAL BUS TRIPLETA 1', 1295400, 8, 0, 1, '2020-03-18 20:17:34', '2020-05-14 20:33:01', 1, 'julian.castelblanco@capitalbus.com.co', '318 3542287', 'AMERICAS', 'JULIAN CASTELBLANCO', 1, 0),
(59, 'CAPITAL BUS TRIPLETA 2', 1295400, 8, 0, 1, '2020-03-18 20:37:59', '2020-05-14 20:33:14', 1, 'julian.castelblanco@capitalbus.com.co', '318 3542287', 'AMERICAS', 'JULIAN CASTELBLANCO', 1, 0),
(60, 'CAPITAL BUS TRIPLETA 3', 1295400, 8, 0, 1, '2020-03-18 20:38:55', '2020-05-14 20:33:32', 1, 'julian.castelblanco@capitalbus.com.co', '318 3542287', 'AMERICAS', 'JULIAN CASTELBLANCO', 1, 0),
(62, 'SUPERVISORES DELTAS', 1502850, 3, 0, 1, '2020-03-19 18:21:47', '2020-05-14 20:11:35', 1, 'john1981rosas@gmail.com', '3046162923', 'CARRERA 53 # 44 - 38', 'JOHN ALEJANDRO RIAÑO', 1, 0),
(63, 'SUPERVISORES HALCONES', 1679790, 2, 0, 1, '2020-03-19 18:24:34', '2020-03-20 13:17:20', 10, 'yuli.laiseca.operaciones@gmail.com', '3186951649', 'CARRERA 53 # 44 - 38', 'YULI CAROLINA LAISECA', 1, 0),
(64, 'SUPERVISOR HALCON ROJAS', 1390850, 1, 0, 1, '2020-03-19 18:28:46', '2020-03-20 13:17:41', 11, 'yuli.laiseca.operaciones@gmail.com', '3186951649', 'CARRERA 53 # 44 - 38', 'YULI CAROLINA LAISECA', 1, 0),
(72, 'TRANSMASIVO FUNZA', 1375660, 6, 0, 1, '2020-03-20 13:25:42', '2020-05-14 20:18:46', 1, 'julian.castelblanco@capitalbus.com.co', '3183542287', 'Municipio Funza vereda Acopli', 'JULIAN CASTELBLANCO', 1, 0),
(73, 'CAPITAL BUS SAN BERNARDINO', 1375660, 3, 0, 1, '2020-03-20 13:27:50', '2020-05-14 20:20:11', 1, 'julian.castelblanco@capitalbus.com.co', '3183542287', 'CALLE 73 SUR # 95 - 00', 'JULIAN CASTELBLANCO', 1, 0),
(76, 'SUPERVISOR SABANA', 1502850, 1, 0, 1, '2020-03-20 17:27:44', '2020-03-20 17:27:44', 5, 'john1981rosas@gmail.com', '3046162923', 'CARRERA 53 # 44 - 38', 'JOHN RIAÑO', 1, 0),
(77, 'SINEA S.A.S', 1375660, 1, 0, 1, '2020-03-20 17:43:32', '2020-05-14 20:14:52', 6, 'rjara@co.smi.com.pe', '3166287746', 'PARQUE INDUSTRIAL TRAFALGAR', 'ALEJANDRA JARA', 1, 0),
(85, 'ESMERALDA', 1200000, 3, 0, 1, '2020-04-20 21:01:28', '2020-05-05 22:07:44', 100, 'cesar.bayonaseguridadlogro@gmail.com', '3162482225', 'ESMERALDA', 'CESAR BAYONA', 2, 0),
(86, 'PATIO TIERRA BUENA', 1375660, 7, 0, 1, '2020-04-22 18:48:36', '2020-05-14 20:30:03', 1, 'jefeseguridad.administrativo@masivocapital.co', '3162482225', 'bosa', 'NELSON BARACALDO', 1, 0),
(87, 'SINEA ZONA FRANCA', 1375660, 4, 0, 1, '2020-04-22 19:05:29', '2020-05-14 20:16:08', 100, 'rjara@co.smi.com.pe', '3166287746', 'TOCANCIPA', 'ALEJANDRA JARA', 2, 0),
(88, 'CONJUNTO RESIDENCIAL BOCORE', 1300660, 5, 0, 1, '2020-04-22 19:14:57', '2020-05-14 20:31:16', 100, 'agrupacionbocore@gmail.com', '3162482225', 'cll 80', 'GUIOMAR SACRISTAN', 2, 0),
(89, 'AGRUPACION DE VIVIENDA 3C TUCURINCA', 1379630, 5, 0, 1, '2020-04-22 19:29:39', '2020-04-22 19:29:39', 100, 'AGRUTUCURINCA@GMAIL.COM', '3115007184', 'cll 80', 'PAOLA ALMEYDA', 2, 0),
(90, 'CONDOMINIO EL EMBRUJO 2', 1372660, 7, 0, 1, '2020-04-22 19:42:14', '2020-05-14 20:25:33', 100, 'condominioelembrujo@gmail.com', '3162482225', 'villeta', 'JUAN CARLOS FIERRO', 2, 0),
(91, 'METROPOLITANA DE TRANSPORTES', 1375660, 3, 0, 1, '2020-04-22 19:46:26', '2020-05-14 20:18:40', 1, 'marthayaneth123@yahoo.com', '3138709155', 'CALLE 17 # 120-10', 'MARTHA YANETH VARGAS', 1, 0),
(92, 'VECINAL DE SUBA', 1375660, 4, 0, 1, '2020-04-22 19:51:45', '2020-05-14 20:26:31', 100, 'helber.lugo@transmonserrate.com', '3142513794', 'suba la gaitana', 'YENNY VELEZ', 2, 0),
(95, 'PORTAL MODELIA III', 1272800, 10, 0, 1, '2020-04-23 13:08:09', '2020-05-06 18:39:21', 100, 'portalmodeliatres@hotmail.com', '4281626', 'BARRIO MEDELIA', 'HERNANDO CLAVIJO', 2, 0),
(96, 'PATIO JUANA', 1270070, 7, 0, 1, '2020-04-23 16:29:29', '2020-04-23 16:29:29', 100, 'jefeseguridad.administrativo@masivocapital.co', '3162482225', 'USME', 'NELSON BARACALDO', 2, 0),
(97, 'CENTRAL DE COMUNICACIONES', 1370430, 3, 0, 1, '2020-05-06 22:15:05', '2020-05-06 22:15:05', 1, 'comunicaciones@seguridadlogro.com', '3106138189', 'PATIO DE CAPITAL BUS EN PATIO AMERICAS', 'CESAR BAYONA', 1, 0),
(98, 'TANQUEO SAN BERNO', 1270070, 1, 0, 1, '2020-05-08 13:15:40', '2020-05-08 13:15:40', 9, 'jefeseguridad.administrativo@masivocapital.co', '3162482225', 'bosa', 'NELSON BARACALDO', 1, 0);

-- --------------------------------------------------------

--
-- Estructura de tabla para la tabla `client_has_shifts`
--

CREATE TABLE `client_has_shifts` (
  `id` bigint(20) NOT NULL,
  `shifts_id` int(11) NOT NULL,
  `clients_id` int(11) NOT NULL
) ENGINE=InnoDB DEFAULT CHARSET=utf8;

--
-- Volcado de datos para la tabla `client_has_shifts`
--

INSERT INTO `client_has_shifts` (`id`, `shifts_id`, `clients_id`) VALUES
(1, 1, 86),
(2, 9, 86),
(8, 1, 89),
(9, 13, 89),
(10, 4, 89),
(21, 1, 96),
(22, 9, 96),
(29, 5, 85),
(30, 4, 85),
(31, 14, 85),
(32, 1, 95),
(33, 8, 95),
(36, 1, 87),
(37, 5, 87),
(40, 3, 90),
(41, 1, 90),
(42, 1, 92),
(43, 9, 92),
(44, 1, 31),
(45, 9, 31),
(46, 1, 88),
(47, 4, 88),
(48, 13, 88);

-- --------------------------------------------------------

--
-- Estructura de tabla para la tabla `news`
--

CREATE TABLE `news` (
  `id` int(11) NOT NULL,
  `type` varchar(45) NOT NULL,
  `date_ini` date NOT NULL,
  `date_end` date DEFAULT NULL,
  `url_doc` varchar(190) DEFAULT NULL,
  `details` longtext,
  `is_active` int(1) NOT NULL DEFAULT '1',
  `created_at` timestamp NULL DEFAULT NULL,
  `updated_at` timestamp NULL DEFAULT NULL,
  `clients_id` int(11) DEFAULT NULL,
  `ext_doc` varchar(45) DEFAULT NULL,
  `has_doc` int(1) NOT NULL DEFAULT '0',
  `shifts_double` varchar(2) DEFAULT 'NO',
  `clients_id_change` int(11) DEFAULT NULL,
  `shifts_new` varchar(45) DEFAULT NULL,
  `shifts_old` varchar(45) DEFAULT NULL,
  `assignment_id` int(11) DEFAULT NULL,
  `assignment_clients_id` int(11) DEFAULT NULL,
  `news_id` bigint(20) DEFAULT NULL
) ENGINE=InnoDB DEFAULT CHARSET=utf8;

--
-- Volcado de datos para la tabla `news`
--

INSERT INTO `news` (`id`, `type`, `date_ini`, `date_end`, `url_doc`, `details`, `is_active`, `created_at`, `updated_at`, `clients_id`, `ext_doc`, `has_doc`, `shifts_double`, `clients_id_change`, `shifts_new`, `shifts_old`, `assignment_id`, `assignment_clients_id`, `news_id`) VALUES
(1, 'Incapacidad', '2020-03-28', '2020-04-26', NULL, NULL, 1, '2020-04-20 19:55:13', '2020-05-26 14:50:41', 49, NULL, 0, 'NO', NULL, NULL, NULL, 127, 49, NULL),
(4, 'Vacaciones', '2020-04-08', '2020-04-27', NULL, NULL, 1, '2020-04-20 20:58:36', '2020-05-26 14:50:41', 4, NULL, 0, 'NO', NULL, NULL, NULL, 6, 4, NULL),
(5, 'Sanciones', '2020-04-16', '2020-04-18', NULL, NULL, 1, '2020-04-20 21:05:55', '2020-05-26 14:50:41', 85, NULL, 0, 'NO', NULL, NULL, NULL, 116, 85, NULL),
(6, 'Permiso remunerado', '2020-04-20', '2020-05-31', NULL, 'PERMISO AUTORIZADO M.B', 1, '2020-04-20 21:07:40', '2020-05-26 14:50:41', 85, NULL, 0, 'NO', NULL, NULL, NULL, 116, 85, NULL),
(8, 'Incapacidad', '2020-05-02', '2020-05-31', 'novelty/novelty-1588881689.pdf', NULL, 1, '2020-05-07 20:01:29', '2020-05-26 14:50:41', 49, 'pdf', 1, 'NO', NULL, NULL, NULL, 127, 49, NULL),
(9, 'Licencia de Luto', '2020-05-07', '2020-05-12', NULL, 'CUBREN LOS MISMOS', 1, '2020-05-07 20:05:39', '2020-05-26 14:50:41', 21, NULL, 0, NULL, NULL, NULL, NULL, 25, 21, NULL),
(10, 'Cambio de Turno', '2020-05-07', NULL, NULL, 'CUBRE LICENCIA DE LUTO DE CASTILLO PEDRO', 0, '2020-05-22 13:05:29', '2020-05-26 14:50:41', 21, NULL, 0, 'NO', 21, 'D', 'X', 25, 21, NULL),
(11, 'Cambio de Turno', '2020-05-08', NULL, NULL, 'CUBRE NOCHE POR LICENCIA LUTO DE PEDRO CASTILLO', 0, '2020-05-22 13:13:04', '2020-05-26 14:50:41', 21, NULL, 0, 'NO', 21, 'N', 'X', 25, 21, NULL),
(12, 'Cambio de Turno', '2020-05-09', NULL, NULL, 'CUBRE TURNO NOCHE POR LICENCIA DE LUTO PEDRO CASTILLO', 0, '2020-05-22 13:16:33', '2020-05-26 14:50:41', 21, NULL, 0, 'NO', 21, 'N', 'X', 25, 21, NULL),
(13, 'Cambio de Turno', '2020-05-12', NULL, NULL, 'CUBRE DIURNO POR LICENCIA DE LUTO DE PEDRO CASTILLO', 0, '2020-05-22 13:19:18', '2020-05-26 14:50:41', 21, NULL, 0, 'NO', 21, 'D', 'X', 25, 21, NULL),
(14, 'Cambio de Turno', '2020-05-16', NULL, NULL, 'CUBRE DIURNO A VANEGAS DIEGO POR SOLICITUD CLIENTE...SOSPECHAS COVID19', 0, '2020-05-22 13:22:17', '2020-05-26 14:50:41', 21, NULL, 0, 'SI', 21, 'D', 'N', 25, 21, NULL),
(15, 'Cambio de Turno', '2020-05-19', NULL, NULL, 'CUBRE DIA A SR VANEGAS POR ENFERMEDAD SOSPECHOSA COVID19', 0, '2020-05-22 13:25:30', '2020-05-26 14:50:41', 21, NULL, 0, 'SI', 21, 'D', 'X', 25, 21, NULL),
(16, 'Cambio de Turno', '2020-05-18', NULL, NULL, 'CUBRE A VANEGAS POR SOSPECHAS COVID19', 0, '2020-05-22 13:28:20', '2020-05-26 14:50:41', 21, NULL, 0, 'NO', 21, 'N', 'X', 25, 21, NULL),
(17, 'Cambio de Turno', '2020-05-19', NULL, NULL, 'CUBRE A VANEGAS NOCHE POR SOSPECHAS COVID AISLADO', 0, '2020-05-22 13:37:20', '2020-05-26 14:50:42', 21, NULL, 0, 'NO', 21, 'N', 'X', 25, 21, NULL),
(19, 'Cambio de Turno', '2020-05-22', NULL, NULL, 'CUBRE DIA A VANEGAS POR SOSPECHA COVID19 AISLADO', 0, '2020-05-22 13:43:19', '2020-05-26 14:50:42', 21, NULL, 0, 'NO', 21, 'D', 'X', 25, 21, NULL),
(28, 'Cambio de Turno', '2020-05-05', NULL, NULL, 'CUBRE DE NOCHE A MARQUEZ POR AISLAMIENTO COVID 19', 0, '2020-05-22 14:14:43', '2020-05-26 14:50:42', 22, NULL, 0, 'NO', 22, 'N', 'X', 27, 22, NULL),
(29, 'Cambio de Turno', '2020-05-06', NULL, NULL, 'CUBRE DE NOCHE A MARQUEZ POR AISLAMIENTO.', 0, '2020-05-22 14:21:57', '2020-05-26 14:50:42', 22, NULL, 0, 'NO', 22, 'N', 'X', 27, 22, NULL),
(30, 'Cambio de Turno', '2020-05-09', NULL, NULL, 'CUBRE DE DIA A MARQUEZ POR AISLAMIENTO COVID19', 0, '2020-05-22 14:43:06', '2020-05-26 14:50:42', 22, NULL, 0, 'SI', 22, 'D', 'X', 27, 22, NULL),
(33, 'Cambio de Turno', '2020-05-12', NULL, NULL, 'CUBRE DE NOCHE A MARQUEZ POR AISLAMIENTO COVID19', 0, '2020-05-22 15:06:25', '2020-05-26 14:50:42', 22, NULL, 0, 'SI', 22, 'N', 'X', 27, 22, NULL),
(34, 'Cambio de Turno', '2020-05-15', NULL, NULL, '24*24 ADICIONAL DIURNO CUBRE AISLAMIENTO POR SOSPECHA DE COVID-19 DE MARQUEZ', 0, '2020-05-22 15:12:22', '2020-05-26 14:50:42', 22, NULL, 0, 'SI', 22, 'D', 'X', 27, 22, NULL),
(37, 'Cambio de Turno', '2020-05-18', NULL, NULL, 'CUBRE AISLAMIENTO DE MARQUEZ', 0, '2020-05-22 15:15:14', '2020-05-26 14:50:42', 22, NULL, 0, 'SI', 22, 'N', 'X', 27, 22, NULL),
(38, 'Cambio de Turno', '2020-05-21', NULL, NULL, 'CUBRE AISLAMIENTO DE MARQUEZ', 0, '2020-05-22 15:17:04', '2020-05-26 14:50:42', 22, NULL, 0, 'SI', 22, 'D', 'X', 27, 22, NULL),
(39, 'Cambio de Turno', '2020-05-22', NULL, NULL, '24*24 ADICIONAL DIURNO POR AISLAMIENTO SOSPECHOSO COVID-19 MÁRQUEZ', 0, '2020-05-22 15:17:57', '2020-05-26 14:50:42', 22, NULL, 0, 'SI', 22, 'D', 'X', 27, 22, NULL),
(40, 'Cambio de Turno', '2020-05-06', NULL, NULL, 'CUBRIO POR UNIDAD FALTANTE', 0, '2020-05-22 15:20:04', '2020-05-26 14:50:42', 23, NULL, 0, 'NO', 86, 'D', 'X', 29, 23, NULL),
(41, 'Cambio de Turno', '2020-05-07', NULL, NULL, 'CUBRE DE NOCHE INCAPACIDAD DE DORIA', 0, '2020-05-22 15:26:14', '2020-05-26 14:50:42', 23, NULL, 0, 'SI', 23, 'N', 'D', 29, 23, NULL),
(42, 'Cambio de Turno', '2020-05-08', NULL, NULL, 'CUBRE INCAPACIDAD DE DORIA', 0, '2020-05-22 15:30:58', '2020-05-26 14:50:42', 23, NULL, 0, 'NO', 23, 'D', 'X', 29, 23, NULL),
(43, 'Cambio de Turno', '2020-05-21', NULL, NULL, 'CUBRE PERMISO NO REMUNERADO POR ENFERMEDAD NO HAY SOPORTE NO ASISTIÓ', 0, '2020-05-22 15:33:22', '2020-05-26 14:50:42', 23, NULL, 0, 'NO', 23, 'N', 'X', 29, 23, NULL),
(44, 'Incapacidad', '2020-05-20', '2020-05-21', NULL, 'CUBRIO EL SUPERVISOR ROMERO NO GENERA ADICIONAL', 1, '2020-05-22 15:39:29', '2020-05-26 14:50:42', 77, NULL, 0, NULL, NULL, NULL, NULL, 76, 77, NULL),
(45, 'Cambio de Turno', '2020-05-13', NULL, NULL, 'cubre a sr rojas fabian por aislamiento covid-19 noche', 0, '2020-05-22 16:52:03', '2020-05-26 14:50:42', 57, NULL, 0, 'SI', 59, 'N', 'D', 96, 57, NULL),
(46, 'Cambio de Turno', '2020-05-16', NULL, NULL, 'cubre sr rojas por  posible covid', 0, '2020-05-22 16:53:41', '2020-05-26 14:50:42', 57, NULL, 0, 'NO', 60, 'N', 'X', 96, 57, NULL),
(48, 'Cambio de Turno', '2020-05-17', NULL, NULL, 'unidad faltante', 0, '2020-05-22 16:57:19', '2020-05-26 14:50:42', 57, NULL, 0, 'NO', 59, 'D', 'X', 96, 57, NULL),
(49, 'Incapacidad', '2020-05-19', '2020-05-20', NULL, 'incapacidad medicina gral', 1, '2020-05-22 16:59:49', '2020-05-26 14:50:42', 57, NULL, 0, NULL, NULL, NULL, NULL, 96, 57, NULL),
(50, 'Cambio de Turno', '2020-05-17', NULL, NULL, 'CUBRE A VANEGAS DIURNO POR AISLAMIENTO DE COVID19', 0, '2020-05-22 16:59:49', '2020-05-26 14:50:42', 21, NULL, 0, 'NO', 21, 'D', 'X', 25, 21, NULL),
(51, 'Cambio de Turno', '2020-05-21', NULL, NULL, 'unidad faltante', 0, '2020-05-22 17:08:50', '2020-05-26 14:50:42', 57, NULL, 0, 'SI', 35, 'D', 'N', 96, 57, NULL),
(52, 'Cambio de Turno', '2020-05-26', NULL, NULL, 'unidad faltante', 0, '2020-05-22 17:09:43', '2020-05-26 14:50:42', 57, NULL, 0, 'SI', 60, 'D', 'N', 96, 57, NULL),
(53, 'Cambio de Turno', '2020-05-21', NULL, NULL, 'unidad faltante', 0, '2020-05-22 17:10:56', '2020-05-26 14:50:42', 59, NULL, 0, 'NO', 60, 'D', 'X', 97, 59, NULL),
(54, 'Cambio de Turno', '2020-05-09', NULL, NULL, 'unidad faltante', 0, '2020-05-22 17:11:46', '2020-05-26 14:50:43', 59, NULL, 0, 'NO', 60, 'D', 'X', 97, 59, NULL),
(55, 'Cambio de Turno', '2020-05-14', NULL, NULL, 'unidad faltante', 0, '2020-05-22 17:13:21', '2020-05-26 14:50:43', 59, NULL, 0, 'NO', 35, 'N', 'X', 97, 59, NULL),
(56, 'Cambio de Turno', '2020-05-17', NULL, NULL, 'unidad faltante', 0, '2020-05-22 17:14:02', '2020-05-26 14:50:43', 59, NULL, 0, 'SI', 60, 'N', 'D', 97, 59, NULL),
(57, 'Cambio de Turno', '2020-05-12', NULL, NULL, 'unidad faltante', 0, '2020-05-22 17:15:09', '2020-05-26 14:50:43', 60, NULL, 0, 'NO', 60, 'N', 'X', 98, 60, NULL),
(58, 'Cambio de Turno', '2020-05-07', NULL, NULL, 'unidad faltante', 0, '2020-05-22 17:16:51', '2020-05-26 14:50:43', 60, NULL, 0, 'NO', 86, 'D', 'X', 98, 60, NULL),
(59, 'Cambio de Turno', '2020-05-19', NULL, NULL, 'sancion sr araque', 0, '2020-05-22 17:17:45', '2020-05-26 14:50:43', 60, NULL, 0, 'NO', 31, 'D', 'X', 98, 60, NULL),
(60, 'Cambio de Turno', '2020-05-21', NULL, NULL, 'unidad faltante', 0, '2020-05-22 17:18:31', '2020-05-26 14:50:43', 60, NULL, 0, 'SI', 29, 'N', 'D', 98, 60, NULL),
(61, 'Cambio de Turno', '2020-05-25', NULL, NULL, 'unidad faltante', 0, '2020-05-22 17:19:17', '2020-05-26 14:50:43', 60, NULL, 0, 'NO', 29, 'D', 'X', 98, 60, NULL),
(62, 'Cambio de Turno', '2020-05-27', NULL, NULL, 'unidad faltante', 0, '2020-05-22 17:20:12', '2020-05-26 14:50:43', 60, NULL, 0, 'SI', 29, 'N', 'D', 98, 60, NULL),
(63, 'Cambio de Turno', '2020-05-31', NULL, NULL, 'unidad faltante', 0, '2020-05-22 17:21:00', '2020-05-26 14:50:43', 60, NULL, 0, 'NO', 29, 'D', 'X', 98, 60, NULL),
(64, 'Cambio de Turno', '2020-05-25', NULL, NULL, 'unidad faltante', 0, '2020-05-22 17:22:09', '2020-05-26 14:50:43', 60, NULL, 0, 'NO', 86, 'D', 'X', 98, 60, NULL),
(65, 'Cambio de Turno', '2020-05-31', NULL, NULL, 'unidad faltante', 0, '2020-05-22 17:22:53', '2020-05-26 14:50:43', 60, NULL, 0, 'NO', 86, 'D', 'X', 98, 60, NULL),
(66, 'Sanciones', '2020-05-23', '2020-05-23', NULL, 'sancion diciplinaria', 1, '2020-05-22 17:24:08', '2020-05-26 14:50:43', 56, NULL, 0, NULL, NULL, NULL, NULL, 99, 56, NULL),
(67, 'Cambio de Turno', '2020-05-23', NULL, NULL, 'sancion diana carolina', 0, '2020-05-22 17:25:13', '2020-05-26 14:50:43', 56, NULL, 0, 'NO', 56, 'D', 'X', 99, 56, NULL),
(68, 'Cambio de Turno', '2020-05-10', NULL, NULL, 'adicional', 0, '2020-05-22 17:27:58', '2020-05-26 14:50:43', 48, NULL, 0, 'NO', 48, 'N', 'X', 54, 48, NULL),
(69, 'Cambio de Turno', '2020-05-22', NULL, NULL, 'adicional', 0, '2020-05-22 17:28:35', '2020-05-26 14:50:43', 48, NULL, 0, 'NO', 48, 'N', 'X', 54, 48, NULL),
(70, 'Cambio de Turno', '2020-05-01', NULL, NULL, 'unidad faltante', 0, '2020-05-22 17:29:39', '2020-05-26 14:50:43', 47, NULL, 0, 'NO', 86, 'D', 'X', 58, 47, NULL),
(71, 'Cambio de Turno', '2020-05-06', NULL, NULL, 'ausencia julio garcia', 0, '2020-05-22 17:30:34', '2020-05-26 14:50:43', 47, NULL, 0, 'NO', 35, 'N', 'X', 58, 47, NULL),
(72, 'Cambio de Turno', '2020-05-13', NULL, NULL, 'unidad faltante', 0, '2020-05-22 17:31:27', '2020-05-26 14:50:43', 47, NULL, 0, 'NO', 35, 'D', 'X', 58, 47, NULL),
(73, 'Cambio de Turno', '2020-05-19', NULL, NULL, 'unidad faltante', 0, '2020-05-22 17:32:03', '2020-05-26 14:50:43', 47, NULL, 0, 'NO', 86, 'D', 'X', 58, 47, NULL),
(74, 'Cambio de Turno', '2020-05-25', NULL, NULL, 'apoyo', 0, '2020-05-22 17:33:19', '2020-05-26 14:50:43', 47, NULL, 0, 'SI', 89, 'D', 'X', 58, 47, NULL),
(75, 'Cambio de Turno', '2020-05-25', NULL, NULL, 'apoyo', 0, '2020-05-22 17:34:23', '2020-05-26 14:50:43', 88, NULL, 0, 'SI', 88, 'D', 'X', 105, 88, NULL),
(76, 'Cambio de Turno', '2020-05-21', NULL, NULL, 'unidad faltante', 0, '2020-05-22 17:35:17', '2020-05-26 14:50:43', 73, NULL, 0, 'SI', 73, 'N', 'D', 95, 73, NULL),
(77, 'Incapacidad', '2020-06-01', '2020-06-30', NULL, NULL, 1, '2020-05-24 16:42:09', '2020-05-26 14:50:43', 49, NULL, 0, NULL, NULL, NULL, NULL, 127, 49, NULL),
(78, 'Permiso no remunerado', '2020-05-05', '2020-05-24', NULL, 'CUBREN LOS OTRO DOS 24*24 GENERANDO TURNOS  ADICIONALES', 1, '2020-05-24 16:46:26', '2020-05-26 14:50:43', 22, NULL, 0, NULL, NULL, NULL, NULL, 27, 22, NULL),
(79, 'Permiso no remunerado', '2020-05-16', '2020-05-25', NULL, 'CUBREN LOS DEL PUESTO GENERANDO ADICIONALES QUEDANDO AREVALO NOCHE /  CASTILLO DÍA', 1, '2020-05-24 16:51:01', '2020-05-26 14:50:43', 21, NULL, 0, NULL, NULL, NULL, NULL, 25, 21, NULL),
(81, 'Cambio de Turno', '2020-05-23', NULL, NULL, 'ADICIONAL DIURNO POR AISLAMIENTO SOSPECHA COVID-19 VANEGAS', 0, '2020-05-24 17:23:55', '2020-05-26 14:50:43', 21, NULL, 0, 'NO', 21, 'D', 'X', 25, 21, NULL),
(82, 'Cambio de Turno', '2020-05-24', NULL, NULL, 'ADICIONAL NOCTURNO POR AISLAMIENTO SOSPECHA COVID-19 VANEGAS', 0, '2020-05-24 17:26:28', '2020-05-26 14:50:44', 21, NULL, 0, 'NO', 21, 'N', 'X', 25, 21, NULL),
(83, 'Cambio de Turno', '2020-05-25', NULL, NULL, 'ADICIONAL NOCTURNO POR AISLAMIENTO SOSPECHA COVID-19 VANEGAS', 0, '2020-05-24 17:28:39', '2020-05-26 14:50:44', 21, NULL, 0, 'NO', 21, 'N', 'X', 25, 21, NULL),
(84, 'Cambio de Turno', '2020-05-28', NULL, NULL, 'ADICIONAL NOCTURNO POR SOSPECHA COVID-19 VANEGAS', 0, '2020-05-24 17:31:44', '2020-05-26 14:50:44', 21, NULL, 0, 'NO', 21, 'N', 'X', 25, 21, NULL),
(85, 'Cambio de Turno', '2020-05-29', NULL, NULL, 'ADICIONAL NOCTURNO POR AISLAMIENTO SOSPECHA COVID-19 VANEGAS', 0, '2020-05-24 17:32:59', '2020-05-26 14:50:44', 21, NULL, 0, 'NO', 21, 'N', 'X', 25, 21, NULL),
(86, 'Cambio de Turno', '2020-05-31', NULL, NULL, 'ADICIONAL NOCTURNO POR AISLAMIENTO SOSPECHA COVID-19 VANEGAS', 0, '2020-05-24 17:34:27', '2020-05-26 14:50:44', 21, NULL, 0, 'NO', 21, 'N', 'X', 25, 21, NULL),
(87, 'Cambio de Turno', '2020-05-10', NULL, NULL, '24*24 ADICIONAL DIURNO POR AISLAMIENTO DE MÁRQUEZ', 0, '2020-05-24 17:42:06', '2020-05-26 14:50:44', 22, NULL, 0, 'SI', 22, 'D', 'N', 27, 22, NULL),
(88, 'Cambio de Turno', '2020-05-11', NULL, NULL, '24*24 ADICIONAL NOCTURNO POR AISLAMIENTO SOSPECHA COVID-19 DE MÁRQUEZ', 0, '2020-05-24 17:45:01', '2020-05-26 14:50:44', 22, NULL, 0, 'SI', 22, 'N', 'D', 27, 22, NULL),
(89, 'Cambio de Turno', '2020-05-16', NULL, NULL, '24*24 ADICIONAL DIURNO POR AISLAMIENTO SOSPECHA COVID-19 MÁRQUEZ', 0, '2020-05-24 17:51:54', '2020-05-26 14:50:44', 22, NULL, 0, 'SI', 22, 'D', 'N', 27, 22, NULL),
(90, 'Cambio de Turno', '2020-05-17', NULL, NULL, '24*24 ADICIONAL NOCTURNO POR AISLAMIENTO SOSPECHOSOS COVID-19 DE MÁRQUEZ', 0, '2020-05-24 17:56:42', '2020-05-26 14:50:44', 22, NULL, 0, 'SI', 22, 'N', 'D', 27, 22, NULL),
(91, 'Cambio de Turno', '2020-05-23', NULL, NULL, '24*24 ADICIONAL NOCTURNO POR AISLAMIENTO SOSPECHOSO COVID-19 MÁRQUEZ', 0, '2020-05-24 18:04:02', '2020-05-26 14:50:44', 22, NULL, 0, 'SI', 22, 'N', 'D', 27, 22, NULL),
(92, 'Cambio de Turno', '2020-05-24', NULL, NULL, '24*24 ADICIONAL NOCTURNO DOMINICAL POR AISLAMIENTO SOSPECHOSO DE COVID-19 MÁRQUEZ', 0, '2020-05-24 18:09:52', '2020-05-26 14:50:44', 22, NULL, 0, 'SI', 22, 'N', 'X', 27, 22, NULL),
(93, 'Cambio de Turno', '2020-05-27', NULL, NULL, '24*24 ADICIONAL DIURNO POR AISLAMIENTO SOSPECHOSO DE COVID-19 MÁRQUEZ', 0, '2020-05-24 18:20:45', '2020-05-26 14:50:44', 22, NULL, 0, 'SI', 22, 'D', 'X', 27, 22, NULL),
(94, 'Cambio de Turno', '2020-05-28', NULL, NULL, '24*24 ADICIONAL DIURNO POR AISLAMIENTO SOSPECHOSO DE COVID-19 MÁRQUEZ', 0, '2020-05-24 18:22:22', '2020-05-26 14:50:44', 22, NULL, 0, 'SI', 22, 'D', 'N', 27, 22, NULL),
(95, 'Cambio de Turno', '2020-05-29', NULL, NULL, '24*24 ADICIONAL NOCTURNO POR AISLAMIENTO SOSPECHOSO DE COVID-19 MÁRQUEZ', 0, '2020-05-24 18:24:13', '2020-05-26 14:50:44', 22, NULL, 0, 'SI', 22, 'N', 'D', 27, 22, NULL),
(96, 'Cambio de Turno', '2020-05-30', NULL, NULL, '24*24 ADICIONAL NOCTURNO POR AISLAMIENTO SOSPECHOSO DE COVID-19 MÁRQUEZ', 0, '2020-05-24 18:25:24', '2020-05-26 14:50:44', 22, NULL, 0, 'SI', 22, 'N', 'X', 27, 22, NULL),
(97, 'Ausencia', '2020-05-21', '2020-05-21', NULL, 'GENERÓ ADICIONAL DORIA', 1, '2020-05-24 18:34:02', '2020-05-26 14:50:44', 23, NULL, 0, NULL, NULL, NULL, NULL, 29, 23, NULL),
(98, 'Cambio de Turno', '2020-05-12', NULL, NULL, 'ADICIONAL NOCHE EN LA ESMERALDA POR UNIDAD FALTANTE', 0, '2020-05-24 22:09:40', '2020-05-26 14:50:44', 49, NULL, 0, 'SI', 85, 'N', NULL, 127, 49, NULL);

-- --------------------------------------------------------

--
-- Estructura de tabla para la tabla `resignations_and_dismissals`
--

CREATE TABLE `resignations_and_dismissals` (
  `id` int(11) NOT NULL,
  `type` varchar(45) NOT NULL,
  `date` date NOT NULL,
  `url_doc` varchar(200) DEFAULT NULL,
  `ext_doc` varchar(45) DEFAULT NULL,
  `has_doc` int(1) NOT NULL,
  `details` longtext,
  `created_at` timestamp NULL DEFAULT NULL,
  `updated_at` timestamp NULL DEFAULT NULL
) ENGINE=InnoDB DEFAULT CHARSET=utf8;

--
-- Volcado de datos para la tabla `resignations_and_dismissals`
--

INSERT INTO `resignations_and_dismissals` (`id`, `type`, `date`, `url_doc`, `ext_doc`, `has_doc`, `details`, `created_at`, `updated_at`) VALUES
(1, 'Renuncia', '2020-03-30', NULL, NULL, 0, NULL, '2020-04-20 18:05:42', '2020-04-20 18:05:42'),
(2, 'Renuncia', '2020-03-30', NULL, NULL, 0, NULL, '2020-04-20 19:40:56', '2020-04-20 19:40:56'),
(3, 'Renuncia', '2020-03-30', NULL, NULL, 0, NULL, '2020-04-20 19:41:42', '2020-04-20 19:41:42'),
(4, 'Renuncia', '2020-03-30', NULL, NULL, 0, NULL, '2020-04-20 19:42:08', '2020-04-20 19:42:08'),
(5, 'Renuncia', '2020-03-30', NULL, NULL, 0, NULL, '2020-04-20 19:48:39', '2020-04-20 19:48:39'),
(6, 'Renuncia', '2020-03-30', NULL, NULL, 0, NULL, '2020-04-20 20:35:04', '2020-04-20 20:35:04'),
(7, 'Renuncia', '2020-03-30', NULL, NULL, 0, NULL, '2020-04-20 20:43:24', '2020-04-20 20:43:24'),
(8, 'Renuncia', '2020-03-30', NULL, NULL, 0, NULL, '2020-04-20 20:44:09', '2020-04-20 20:44:09'),
(9, 'Renuncia', '2020-03-30', NULL, NULL, 0, NULL, '2020-04-20 20:44:35', '2020-04-20 20:44:35'),
(15, 'Despido', '2020-05-11', NULL, NULL, 0, 'CANCELACIÓN DEL CONTRATO', '2020-05-22 21:17:56', '2020-05-22 21:17:56'),
(16, 'Despido', '2020-05-11', NULL, NULL, 0, 'CANCELACION DE CONTRATO', '2020-05-22 21:19:39', '2020-05-22 21:19:39'),
(17, 'Despido', '2020-05-11', NULL, NULL, 0, NULL, '2020-05-22 21:20:02', '2020-05-22 21:20:02');

-- --------------------------------------------------------

--
-- Estructura de tabla para la tabla `roles`
--

CREATE TABLE `roles` (
  `id` int(11) NOT NULL,
  `name` varchar(100) NOT NULL,
  `description` varchar(100) DEFAULT NULL,
  `created_at` timestamp NULL DEFAULT NULL,
  `updated_at` timestamp NULL DEFAULT NULL
) ENGINE=InnoDB DEFAULT CHARSET=utf8;

--
-- Volcado de datos para la tabla `roles`
--

INSERT INTO `roles` (`id`, `name`, `description`, `created_at`, `updated_at`) VALUES
(1, 'list_clients', 'Listar Puestos', NULL, NULL),
(2, 'create_client', 'Crear Puestos', NULL, NULL),
(3, 'edit_client', 'Editar Puestos', NULL, NULL),
(4, 'delete_client', 'Eliminar Puestos', NULL, NULL),
(5, 'list_watchmen', 'Listar Vigilantes', NULL, NULL),
(6, 'create_watchmen', 'Crear Vigilante', NULL, NULL),
(7, 'edit_watchmen', 'Editar Vigilantes', NULL, NULL),
(8, 'delete_watchmen', 'Eliminar Vigilantes', NULL, NULL),
(9, 'list_programming', 'Listar Programación', NULL, NULL),
(10, 'create_programming', 'Crear Programación', NULL, NULL),
(11, 'edit_programming', 'Editar Programación', NULL, NULL),
(12, 'delete_programming', 'Eliminar Programación', NULL, NULL),
(13, 'list_news', 'Listar Novedades', NULL, NULL),
(14, 'create_novelty', 'Crear Novedad', NULL, NULL),
(15, 'edit_novelty', 'Editar Novedad', NULL, NULL),
(16, 'delete_novelty', 'Eliminar Novedad', NULL, NULL),
(17, 'list_dismissal', 'Listar Renuncias y Despidos', NULL, NULL),
(18, 'create_dismissal', 'Crear Renuncias y Despidos', NULL, NULL),
(20, 'delete_dismissal', 'Eliminar Renuncias y Despidos', NULL, NULL),
(21, 'view_report_news', 'Ver Reportes de Novedades', NULL, NULL),
(22, 'view_report_resignations', 'Ver Reportes de Renuncias y Despidos', NULL, NULL);

-- --------------------------------------------------------

--
-- Estructura de tabla para la tabla `shifts`
--

CREATE TABLE `shifts` (
  `id` int(11) NOT NULL,
  `name` varchar(100) NOT NULL,
  `is_active` int(1) NOT NULL DEFAULT '0',
  `created_at` timestamp NULL DEFAULT NULL,
  `updated_at` timestamp NULL DEFAULT NULL,
  `turn` varchar(45) DEFAULT NULL,
  `cant_turn` varchar(45) DEFAULT NULL,
  `cant_total` int(11) DEFAULT NULL
) ENGINE=InnoDB DEFAULT CHARSET=utf8;

--
-- Volcado de datos para la tabla `shifts`
--

INSERT INTO `shifts` (`id`, `name`, `is_active`, `created_at`, `updated_at`, `turn`, `cant_turn`, `cant_total`) VALUES
(1, '2X2', 1, NULL, NULL, 'D,N,X', 'D=2,N=2,X=2', 6),
(2, '4X2X2 Diurno', 1, NULL, NULL, 'D,N,X', 'D=4,N=2,X=2', 8),
(3, '2X4X2 Nocturno', 1, NULL, NULL, 'D,N,X', 'D=2,N=4,X=2', 8),
(4, '5X2 Nocturno', 1, NULL, NULL, 'N,X', 'N=5,X=2', 7),
(5, '5X2 Diurno ', 1, NULL, NULL, 'D,X', 'D=5,X=2', 7),
(6, '6X1 Diurno', 1, NULL, NULL, 'D,X', 'D=6,X=1', 7),
(7, '6X1 Nocturno', 1, NULL, NULL, 'N,X', 'N=6,X=1', 7),
(8, '4X2 Diurno', 1, NULL, NULL, 'D,X', 'D=4,X=2', 6),
(9, '4X2 Nocturno', 1, NULL, NULL, 'N,X', 'N=4,X=2', 6),
(10, '3X3 Diurno', 1, NULL, NULL, 'D,X', 'D=3,X=3', 6),
(11, '3X3 Nocturno', 1, NULL, NULL, 'N,X', 'N=3,X=3', 6),
(12, '5X1 Nocturno', 1, NULL, NULL, 'N,X', 'N=5,X=1', 6),
(13, '3X2X2', 1, NULL, NULL, 'D,N,X', 'D=3,N=2,X=2', 7),
(14, '2X2X3', 1, NULL, NULL, 'D,N,X', 'D=2,N=2,X=3', 7),
(100, 'none', 0, NULL, NULL, NULL, NULL, NULL);

-- --------------------------------------------------------

--
-- Estructura de tabla para la tabla `users`
--

CREATE TABLE `users` (
  `id` int(11) NOT NULL,
  `name` varchar(150) NOT NULL,
  `last_name` varchar(150) NOT NULL,
  `email` varchar(190) NOT NULL,
  `password` varchar(220) NOT NULL,
  `phone` varchar(15) DEFAULT NULL,
  `email_verified` int(1) NOT NULL DEFAULT '0',
  `email_verified_at` timestamp NULL DEFAULT NULL,
  `address` longtext,
  `is_active` int(1) NOT NULL DEFAULT '0',
  `is_admin` int(1) NOT NULL DEFAULT '0',
  `is_superadmin` int(1) NOT NULL DEFAULT '0',
  `image` varchar(255) DEFAULT 'user/avatar0.jpg',
  `created_at` timestamp NULL DEFAULT NULL,
  `updated_at` timestamp NULL DEFAULT NULL,
  `remember_token` longtext,
  `type` varchar(50) DEFAULT NULL,
  `cellular` varchar(15) DEFAULT NULL,
  `postal_code` varchar(10) DEFAULT NULL,
  `dni` varchar(45) DEFAULT NULL
) ENGINE=InnoDB DEFAULT CHARSET=utf8;

--
-- Volcado de datos para la tabla `users`
--

INSERT INTO `users` (`id`, `name`, `last_name`, `email`, `password`, `phone`, `email_verified`, `email_verified_at`, `address`, `is_active`, `is_admin`, `is_superadmin`, `image`, `created_at`, `updated_at`, `remember_token`, `type`, `cellular`, `postal_code`, `dni`) VALUES
(1, 'SuperAdmin', 'root', 'admin@admin.com', '$2y$10$SpOti0isoifqjZJKoMfjDeTx81YmIZWooswGHCASXAO1dJJXJ2IwK', '3212713314', 1, NULL, '000000000', 1, 0, 1, 'user/avatar0.jpg', NULL, '2020-02-21 10:47:22', 'POwSjRY488SqRWpkZUaJSIcDcy3NkdCFJEPl5YQS6XKYYEsNbRjMZcYjzce6', '0', NULL, '0000', '0000000');

-- --------------------------------------------------------

--
-- Estructura de tabla para la tabla `users_has_roles`
--

CREATE TABLE `users_has_roles` (
  `id` int(11) NOT NULL,
  `users_id` int(11) NOT NULL,
  `roles_id` int(11) NOT NULL
) ENGINE=InnoDB DEFAULT CHARSET=utf8;

-- --------------------------------------------------------

--
-- Estructura de tabla para la tabla `watchmen`
--

CREATE TABLE `watchmen` (
  `id` int(11) NOT NULL,
  `name` varchar(200) NOT NULL,
  `dni` varchar(45) NOT NULL,
  `phone` varchar(15) NOT NULL,
  `email` varchar(200) DEFAULT NULL,
  `address` longtext,
  `is_active` int(1) NOT NULL DEFAULT '0',
  `created_at` timestamp NULL DEFAULT NULL,
  `updated_at` timestamp NULL DEFAULT NULL,
  `is_dismissal` int(1) NOT NULL DEFAULT '0',
  `i_quit` int(1) NOT NULL DEFAULT '0',
  `is_delete` int(1) NOT NULL DEFAULT '0'
) ENGINE=InnoDB DEFAULT CHARSET=utf8;

--
-- Volcado de datos para la tabla `watchmen`
--

INSERT INTO `watchmen` (`id`, `name`, `dni`, `phone`, `email`, `address`, `is_active`, `created_at`, `updated_at`, `is_dismissal`, `i_quit`, `is_delete`) VALUES
(1, 'GUEVARA ORCASITA ELKIN ALFONSO', '10173978', '3178492132', NULL, NULL, 1, '2020-03-18 14:58:28', '2020-03-18 20:17:08', 0, 0, 0),
(2, 'JARA MESA JORGE ALEJANDRO', '1012347296', '3106491955', NULL, NULL, 1, '2020-03-18 14:58:51', '2020-03-18 20:17:29', 0, 0, 0),
(3, 'ESCOBAR FRAGOSO ALEX ENRIQUE', '17976709', '3015733034', NULL, NULL, 1, '2020-03-18 14:59:14', '2020-03-18 20:17:56', 0, 0, 0),
(4, 'ZAPA MORALES WILLIAN MIGUEL', '15051133', '3112172810', NULL, NULL, 1, '2020-03-18 14:59:52', '2020-03-18 20:18:11', 0, 0, 0),
(5, 'TORRES GARCIA CARLOS ARTURO', '1090401735', '3123469686', NULL, NULL, 1, '2020-03-18 20:26:06', '2020-03-18 20:26:06', 0, 0, 0),
(6, 'GRANOBLES GARZON WILSON', '5888621', '3142489369', NULL, NULL, 1, '2020-03-18 20:26:54', '2020-03-18 20:26:54', 0, 0, 0),
(7, 'ARIAS PINZON ANDRES', '1019091879', '3017921497', NULL, NULL, 1, '2020-03-18 20:27:31', '2020-03-18 20:27:31', 0, 0, 0),
(8, 'RAMIREZ KATHERINE ESTHER', '104424411003', '3206522945', NULL, NULL, 1, '2020-03-18 20:27:58', '2020-03-18 20:27:58', 0, 0, 0),
(9, 'PARDO SILVA BLADIMIR', '9732829', '3137195571', NULL, NULL, 1, '2020-03-18 20:28:09', '2020-03-18 20:28:09', 0, 0, 0),
(10, 'PALACIOS SANTO HENRY', '1003778064', '3127619205', NULL, NULL, 1, '2020-03-18 20:28:48', '2020-03-18 20:28:48', 0, 0, 0),
(11, 'FERNANDEZ RODRIGUEZ HELBERTH ENRIQUE', '11325650', '3115052784', NULL, NULL, 1, '2020-03-18 20:28:50', '2020-03-18 20:28:50', 0, 0, 0),
(12, 'CASAMACHIN VALENCIA LILI YURANI', '1033809035', '3143705747', NULL, NULL, 1, '2020-03-18 20:29:33', '2020-03-18 20:29:33', 0, 0, 0),
(13, 'BERNAL PUCHIGAY SILVIO DE JESUS', '7125190', '3202313133', NULL, NULL, 1, '2020-03-18 20:29:37', '2020-03-18 20:29:37', 0, 0, 0),
(14, 'LOPEZ ROMERO JUAN CARLOS', '1063162199', '3002313349', NULL, NULL, 1, '2020-03-18 20:30:15', '2020-03-18 20:30:15', 0, 0, 0),
(15, 'LAGUNA HERNANDEZ ALDAIR JOSE', '1143368169', '3224047454', NULL, NULL, 1, '2020-03-18 20:30:25', '2020-03-18 20:30:25', 0, 0, 0),
(16, 'RUIZ MAYORGA JUAN GABRIEL', '80013537', '3138892519', NULL, NULL, 1, '2020-03-18 20:30:59', '2020-03-18 20:30:59', 0, 0, 0),
(17, 'GONZALEZ CUEVAS ANA MILENA', '1012372853', '3044223779', NULL, NULL, 1, '2020-03-18 20:31:08', '2020-03-18 20:31:08', 0, 0, 0),
(18, 'RUIZ ROJAS JUAN DAVID', '1002726001', '3204295337', NULL, NULL, 1, '2020-03-18 20:32:18', '2020-03-18 20:32:18', 0, 0, 0),
(19, 'GALINDO POVEDA YEFER ANDRES', '1019104282', '3223347050', NULL, NULL, 1, '2020-03-18 20:34:31', '2020-03-18 20:34:31', 0, 0, 0),
(20, 'RADA DUARTE EDGAR JUNIOR', '1012394381', '3058608919', NULL, NULL, 1, '2020-03-18 20:35:24', '2020-03-18 20:35:24', 0, 0, 0),
(21, 'RODRIGUEZ VARGAS CESAR JULIO', '79525033', '3143138837', NULL, NULL, 1, '2020-03-18 20:36:05', '2020-03-18 20:36:05', 0, 0, 0),
(22, 'PARRAO RODRIGUEZ DAYIN JOSE', '1128164936', '3208716117', NULL, NULL, 1, '2020-03-18 20:36:14', '2020-03-18 20:36:14', 0, 0, 0),
(23, 'JIMENEZ VASQUEZ EDWIN', '15991664', '3102439934', NULL, NULL, 1, '2020-03-18 20:36:46', '2020-03-18 20:36:46', 0, 0, 0),
(24, 'VERA OSCAR EDUARDO', '93477663', '3006946154', NULL, NULL, 1, '2020-03-18 20:37:53', '2020-03-18 20:37:53', 0, 0, 0),
(25, 'FLOREZ VICENTE', '4122857', '3213057604', NULL, NULL, 1, '2020-03-18 20:39:48', '2020-03-18 20:39:48', 0, 0, 0),
(26, 'LEON ALVAREZ JESMY JOHANA', '1033715659', '3118470671', NULL, NULL, 1, '2020-03-18 20:40:28', '2020-03-18 20:40:28', 0, 0, 0),
(27, 'DIAZ FRANCO LUIS HENRY', '12133981', '3132212047', NULL, NULL, 1, '2020-03-18 20:41:02', '2020-03-18 20:41:02', 0, 0, 0),
(28, 'GUTIERREZ SILVA ALDEMAR', '80541754', '3228130987', NULL, NULL, 1, '2020-03-18 20:41:46', '2020-03-18 20:41:46', 0, 0, 0),
(29, 'CIFUENTES NAMER ONOTRA', '1117822954', '3102433019', NULL, NULL, 1, '2020-03-18 20:42:54', '2020-03-18 20:42:54', 0, 0, 0),
(30, 'TRONCOSO NIETO GUILLERMO', '17292000', '3102661289', NULL, NULL, 1, '2020-03-18 20:43:48', '2020-03-18 20:43:48', 0, 0, 0),
(31, 'ROCHA CASTAÑEDA MIGUEL ANGEL', '80540758', '3124482469', NULL, NULL, 1, '2020-03-18 20:44:31', '2020-03-18 20:44:31', 0, 0, 0),
(32, 'NIÑO NIÑO LIBARDO', '79187887', '3204373558', NULL, NULL, 1, '2020-03-18 20:45:29', '2020-03-18 20:45:29', 0, 0, 0),
(33, 'TORRES OSKAR', '1002002657', '3002916457', NULL, NULL, 1, '2020-03-18 20:47:54', '2020-03-18 20:47:54', 0, 0, 0),
(34, 'DUCUARA YARA EDWAR CAMILO', '1005854668', '3228516046', NULL, NULL, 1, '2020-03-18 20:48:57', '2020-03-18 20:48:57', 0, 0, 0),
(35, 'GARZON MOLINA SANDRA MILENA', '52860923', '3133161140', NULL, NULL, 1, '2020-03-18 20:49:55', '2020-03-18 20:49:55', 0, 0, 0),
(36, 'ROJAS BAUTISTA FABIAN ALBERTO', '1076662787', '3213747880', NULL, NULL, 1, '2020-03-18 20:52:07', '2020-03-18 20:52:07', 0, 0, 0),
(37, 'LOPEZ MASIAS LUIS ALFREDO', '1023031169', '3114619713', NULL, NULL, 1, '2020-03-18 20:52:59', '2020-03-18 20:52:59', 0, 0, 0),
(38, 'AYALA MESA ARIEL', '3216106', '3103302512', NULL, NULL, 1, '2020-03-18 20:53:37', '2020-03-18 20:53:37', 0, 0, 0),
(39, 'CRUZ CAPERA  NORLEY', '1006094311', '3123785517', NULL, NULL, 1, '2020-03-18 20:54:21', '2020-03-18 20:54:21', 0, 0, 0),
(40, 'SAN JUAN LIZARAZO YERSON JAVIER', '1022382576', '3229289725', NULL, NULL, 1, '2020-03-18 20:55:04', '2020-03-18 20:55:04', 0, 0, 0),
(41, 'FRAILER ALEXANDER', '79832117', '3224340711', NULL, NULL, 1, '2020-03-18 21:36:40', '2020-03-18 21:36:40', 0, 0, 0),
(42, 'PALMERO VILLA RICARDO', '969646', '3014865329', NULL, NULL, 1, '2020-03-18 21:38:04', '2020-03-18 21:38:04', 0, 0, 0),
(43, 'PORTELA ANAYA NEIVIS', '1047437529', '3203610006', NULL, NULL, 1, '2020-03-18 21:38:39', '2020-03-18 21:38:39', 0, 0, 0),
(44, 'PEREZ HECTOR ARMANDO', '79659360', '3102993285', NULL, NULL, 1, '2020-03-18 21:39:23', '2020-03-18 21:39:23', 0, 0, 0),
(45, 'MONTERO VEGA WILLIAM SNICK', '80053284', '3112440865', NULL, NULL, 1, '2020-03-18 21:40:07', '2020-03-18 21:40:07', 0, 0, 0),
(46, 'CRUZ CAPERA JOSE ALFREDO', '1110233974', '3168623214', NULL, NULL, 1, '2020-03-18 21:40:44', '2020-03-18 21:40:44', 0, 0, 0),
(47, 'MURCIA SEGURA YENIFER', '1075273036', '3118193824', NULL, NULL, 1, '2020-03-18 21:41:20', '2020-03-18 21:41:20', 0, 0, 0),
(48, 'RODRIGUEZ GOMEZ JUAN GUILLERMO', '1022436426', '3116915192', NULL, NULL, 0, '2020-03-18 21:42:03', '2020-04-20 20:43:24', 0, 1, 0),
(49, 'BARON BAUTISTA CARLOS JAVIER', '80050000', '3138191049', NULL, NULL, 1, '2020-03-18 21:42:39', '2020-03-18 21:42:39', 0, 0, 0),
(50, 'PALACIOS SANTOS EYESID', '1074960871', '3505818513', NULL, NULL, 1, '2020-03-18 21:52:36', '2020-03-18 21:52:36', 0, 0, 0),
(51, 'CARDONA DIANA CAROLINA', '52932764', '3125718929', NULL, NULL, 1, '2020-03-18 21:53:13', '2020-03-18 21:53:13', 0, 0, 0),
(52, 'ARENAS LINA MARIA', '28797882', '3222826737', NULL, NULL, 1, '2020-03-18 21:53:40', '2020-03-18 21:53:40', 0, 0, 0),
(53, 'BOLAÑOS ARTEAGA DONIS', '71252297', '3202574393', NULL, NULL, 1, '2020-03-19 12:35:26', '2020-03-19 12:35:26', 0, 0, 0),
(54, 'GARCIA MONTAÑO JULIO CESAR', '1024465556', '3194853889', NULL, NULL, 1, '2020-03-19 12:36:41', '2020-03-19 12:36:41', 0, 0, 0),
(55, 'VANEGAS RODRIGUEZ JOSE FERNANDO', '80413897', '3164747599', NULL, NULL, 1, '2020-03-19 12:37:16', '2020-03-19 12:37:16', 0, 0, 0),
(56, 'QUINTERO CARDENAS YESID', '14321183', '3203313975', NULL, NULL, 1, '2020-03-19 12:37:51', '2020-03-19 12:37:51', 0, 0, 0),
(57, 'PASTRANA REYES PEDRO MANUEL', '15647707', '3135796926', NULL, NULL, 1, '2020-03-19 12:38:27', '2020-03-19 12:38:27', 0, 0, 0),
(58, 'MARIN MATEUS DIANA LYZETH', '1012358894', '3134876733', NULL, NULL, 1, '2020-03-19 12:39:07', '2020-03-19 12:39:07', 0, 0, 0),
(59, 'LLERENA QUINTANA JUAN CARLOS', '7917693', '3144114090', NULL, NULL, 1, '2020-03-19 12:39:44', '2020-03-19 12:39:44', 0, 0, 0),
(60, 'BURGOS VIDAL VIVIANA', '1016026192', '3228404668', NULL, NULL, 1, '2020-03-19 12:40:21', '2020-03-19 12:40:21', 0, 0, 0),
(61, 'MERCHAN RODRIGUEZ PEDRO MAURICIO', '79303706', '3005627649', NULL, NULL, 1, '2020-03-19 12:40:55', '2020-03-19 12:40:55', 0, 0, 0),
(62, 'LOZANO GONZALEZ MARIA YURANY', '1106306044', '3122671351', NULL, NULL, 1, '2020-03-19 16:45:42', '2020-03-23 18:40:26', 0, 0, 0),
(63, 'GUACANEME MONTAÑO RENE', '80239497', '3144052655', NULL, NULL, 1, '2020-03-19 17:57:53', '2020-03-19 17:57:53', 0, 0, 0),
(64, 'MENDEZ VALLEJO FREDY HERNANDO', '74347889', '3183831763', NULL, NULL, 1, '2020-03-19 17:58:33', '2020-03-19 17:58:33', 0, 0, 0),
(65, 'THOMAS MENDOZA LEIDYS MARIA', '1048267553', '3043442062', NULL, NULL, 1, '2020-03-19 17:59:13', '2020-03-19 17:59:13', 0, 0, 0),
(66, 'CURREA JIMENEZ MIGUEL ANGEL', '1053610739', '3502232410', NULL, NULL, 1, '2020-03-19 17:59:57', '2020-03-19 17:59:57', 0, 0, 0),
(67, 'CALDERON LEYVA JHON FREDDY', '1108931404', '3133600748', NULL, NULL, 1, '2020-03-19 18:00:49', '2020-03-19 18:00:49', 0, 0, 0),
(68, 'MARTINEZ TORRES NIDIA', '52760097', '3106535570', NULL, NULL, 1, '2020-03-19 18:01:19', '2020-03-19 18:01:19', 0, 0, 0),
(69, 'BELTRAN TERAN ALVARO JAVIER', '1102830145', '3108130990', NULL, NULL, 1, '2020-03-19 18:01:55', '2020-03-19 18:01:55', 0, 0, 0),
(70, 'TAFFUR BERMUDEZ ANDRES GUILLERMO', '7628823', '3176497238', NULL, NULL, 1, '2020-03-19 18:02:31', '2020-03-19 18:02:31', 0, 0, 0),
(71, 'MARTINEZ DUQUE JOSE ALBERTO', '18971483', '3134896919', NULL, NULL, 1, '2020-03-19 18:03:12', '2020-03-19 18:03:12', 0, 0, 0),
(72, 'ARAQUE MENDOZA MIGUEL ANGEL', '1122408754', '3135133256', NULL, NULL, 1, '2020-03-19 18:12:10', '2020-03-19 18:12:10', 0, 0, 0),
(73, 'GONZALEZ PICO LUIS ARTURO', '13761468', '3176670996', NULL, NULL, 1, '2020-03-19 18:12:40', '2020-03-19 18:12:40', 0, 0, 0),
(74, 'LOAIZA MORENO JHON HECTOR', '1007248225', '3124796812', NULL, NULL, 1, '2020-03-19 18:13:17', '2020-03-20 14:10:43', 0, 0, 0),
(75, 'MENDOZA VAZQUES DOMINGO', '73118299', '3103022254', NULL, NULL, 1, '2020-03-19 18:14:16', '2020-03-19 18:14:16', 0, 0, 0),
(76, 'HERNANDEZ BONILLA YERBRAIL', '91153515', '3138731996', NULL, NULL, 1, '2020-03-19 18:14:48', '2020-03-19 18:14:48', 0, 0, 0),
(77, 'NAVARRO RETAMOZO YOLMARIS', '1051668035', '3007744313', NULL, NULL, 1, '2020-03-19 18:15:24', '2020-03-19 18:15:24', 0, 0, 0),
(78, 'ALVAREZ BARBOSA ERNESTO RAFAEL', '15682857', '3144851659', NULL, NULL, 1, '2020-03-19 18:16:28', '2020-03-19 18:16:28', 0, 0, 0),
(79, 'BRICEÑO JORGE', '6772689', '3112195050', NULL, NULL, 1, '2020-03-19 18:16:57', '2020-03-19 18:16:57', 0, 0, 0),
(80, 'ALFONSO MIGUEL ANGEL', '79205696', '3194858672', NULL, NULL, 1, '2020-03-19 18:17:57', '2020-03-19 18:17:57', 0, 0, 0),
(81, 'ROJAS DIAZ CARLOS', '2376151', '3103266783', NULL, NULL, 1, '2020-03-19 18:19:25', '2020-03-19 18:19:25', 0, 0, 0),
(82, 'MINA CAICEDO LUIS FELIPE', '1111791412', '3023048159', NULL, NULL, 1, '2020-03-19 18:51:07', '2020-03-19 18:51:07', 0, 0, 0),
(83, 'PAEZ RODRIGUEZ GLADYS', '52031049', '3202460868', NULL, NULL, 1, '2020-03-19 18:51:39', '2020-03-19 18:51:39', 0, 0, 0),
(84, 'PONTON FONSECA VICTOR', '1051672673', '3204548317', NULL, NULL, 1, '2020-03-19 18:52:15', '2020-03-19 18:52:15', 0, 0, 0),
(85, 'PATIÑO CALVO MARIA SONIA', '1074958792', '3142152943', NULL, NULL, 1, '2020-03-19 18:52:50', '2020-03-19 18:52:50', 0, 0, 0),
(86, 'VEGA PABLO EMILIO', '3116779', '3144053259', NULL, NULL, 1, '2020-03-19 18:53:20', '2020-03-19 18:53:20', 0, 0, 0),
(87, 'HERRERA PANAMA JAVIER ALFONSO', '74848940', '3102465676', NULL, NULL, 1, '2020-03-19 18:53:56', '2020-03-19 18:53:56', 0, 0, 0),
(88, 'RONDON WILCHES LUISA ALEJANDRA', '52305685', '3118044871', NULL, NULL, 1, '2020-03-19 18:54:33', '2020-03-19 18:54:33', 0, 0, 0),
(89, 'GONZALEZ ZAMORA SNEIDER', '1106741423', '3023870105', NULL, NULL, 1, '2020-03-19 18:55:13', '2020-03-19 18:55:13', 0, 0, 0),
(90, 'MATEUS BARRETO EDWIN ANDRES', '1012447986', '3123364059', NULL, NULL, 1, '2020-03-19 18:56:12', '2020-03-19 18:56:12', 0, 0, 0),
(91, 'ATENCIA MARTINEZ ANDY', '1127587370', '3016231276', NULL, NULL, 1, '2020-03-19 18:56:46', '2020-03-19 18:56:46', 0, 0, 0),
(92, 'BARRETO BARBOSA LINA MARCELA', '1121889804', '3106825847', NULL, NULL, 1, '2020-03-19 18:57:36', '2020-03-19 18:57:36', 0, 0, 0),
(93, 'ARRIETA VERA NEPTALI JOSE', '9003462', '3212417285', NULL, NULL, 1, '2020-03-19 18:59:35', '2020-03-19 18:59:35', 0, 0, 0),
(94, 'LUGO BAMBAGUE WILMER', '17616016', '3202748123', NULL, NULL, 1, '2020-03-19 19:00:11', '2020-03-19 19:00:11', 0, 0, 0),
(95, 'LIZCANO VALENZUELA MARIO ADOLFO', '1010167987', '3197718289', NULL, NULL, 1, '2020-03-19 19:00:50', '2020-03-19 19:00:50', 0, 0, 0),
(96, 'ESCARRAGA SUAREZ JUAN CAMILO', '1105687876', '3227682884', NULL, NULL, 1, '2020-03-19 19:01:39', '2020-03-19 19:01:39', 0, 0, 0),
(97, 'MEDINA BLANCA LUCIA', '30204870', '3123750665', NULL, NULL, 1, '2020-03-19 20:26:10', '2020-03-19 20:26:10', 0, 0, 0),
(98, 'LIZARAZO PINZON CARLOS ARTURO', '4251690', '3132232342', NULL, NULL, 1, '2020-03-19 20:26:49', '2020-03-19 20:26:49', 0, 0, 0),
(99, 'PIAMBA SALAZAR WILLIAM FERNANDO', '1081403935', '3202290901', NULL, NULL, 1, '2020-03-19 20:27:42', '2020-03-19 20:27:42', 0, 0, 0),
(100, 'GARCIA BURGOS JHOAN ALBERTO', '1038124032', '3023404629', NULL, NULL, 1, '2020-03-19 20:28:19', '2020-03-19 20:28:19', 0, 0, 0),
(101, 'GUTIERREZ VELEZ SANDRA VIVIANA', '28978857', '3188133825', NULL, NULL, 1, '2020-03-19 20:28:57', '2020-03-19 20:28:57', 0, 0, 0),
(102, 'TAO CULMA BENJAMIN', '19461847', '3158443482', NULL, NULL, 1, '2020-03-19 20:31:03', '2020-03-19 20:31:03', 0, 0, 0),
(103, 'RODRIGUEZ LOPEZ CAMILO HERNANDO', '1024517168', '3195667399', NULL, NULL, 1, '2020-03-19 20:34:54', '2020-03-19 20:34:54', 0, 0, 0),
(104, 'SANDRA ROCIO SILVA BENAVIDES', '52222613', '3132238064', NULL, NULL, 1, '2020-03-19 20:35:41', '2020-03-19 20:35:41', 0, 0, 0),
(105, 'SOGAMOSO PALMA JOSE ALFREDO', '79452968', '3103486686', NULL, NULL, 1, '2020-03-19 20:36:16', '2020-03-19 20:36:16', 0, 0, 0),
(106, 'QUIMBAYA IGUA ANGELA LILIANA', '1073676581', '3008032120', NULL, NULL, 1, '2020-03-19 20:38:45', '2020-03-19 20:38:45', 0, 0, 0),
(107, 'BUITRAGO GUEVARA PABLO MAURICIO', '79182710', '3153946720', NULL, NULL, 1, '2020-03-19 20:39:24', '2020-03-19 20:39:24', 0, 0, 0),
(108, 'SUAREZ SOTELO JESUS DAVID', '1012452401', '3178306559', NULL, NULL, 1, '2020-03-19 20:40:31', '2020-03-19 20:40:31', 0, 0, 0),
(109, 'HERNANDEZ AGUILAR ORLANDO', '91360600', '3112978948', NULL, NULL, 1, '2020-03-19 20:43:42', '2020-03-19 20:43:42', 0, 0, 0),
(110, 'MOYA VICTOR MANUEL', '1051737171', '3204605510', NULL, NULL, 0, '2020-03-19 20:44:14', '2020-04-20 20:44:09', 0, 1, 0),
(111, 'CHINCHIA EPIAYU LUIS ALFONSO', '1122815019', '3163721853', NULL, NULL, 1, '2020-03-19 20:45:04', '2020-03-19 20:45:04', 0, 0, 0),
(112, 'VILLADA RIVERA OSCAR DE JESUS', '1020411769', '3506220918', NULL, NULL, 1, '2020-03-19 20:45:53', '2020-03-19 20:45:53', 0, 0, 0),
(113, 'ALARCON OJEDA JAIR ALEXANDER', '1012439560', '3212827369', NULL, NULL, 1, '2020-03-19 20:46:29', '2020-03-19 20:46:29', 0, 0, 0),
(114, 'MORENO VASQUEZ DORA HILDA', '53075811', '3212486625', NULL, NULL, 1, '2020-03-19 20:47:25', '2020-03-19 20:47:25', 0, 0, 0),
(115, 'ALARCON BENAVIDEZ CARLOS ADONAI', '3133481', '3223278655', NULL, NULL, 1, '2020-03-19 20:48:15', '2020-03-19 20:48:15', 0, 0, 0),
(116, 'OLIVEROS OYOLA JHONATHAN ALEXIS', '1110457659', '3123147901', NULL, NULL, 0, '2020-03-19 20:49:24', '2020-04-20 19:41:42', 0, 1, 0),
(117, 'BELTRAN ROA JORGE ENRIQUE', '1031125026', '3043606406', NULL, NULL, 1, '2020-03-19 20:50:01', '2020-03-19 20:50:01', 0, 0, 0),
(118, 'DUARTE GUSTAVO', '79296021', '3208204095', NULL, NULL, 1, '2020-03-19 20:50:32', '2020-03-19 20:50:32', 0, 0, 0),
(119, 'BARACALDO MEDINA JHON  PABLO', '80019275', '3502313327', NULL, NULL, 1, '2020-03-19 20:53:43', '2020-03-19 20:53:43', 0, 0, 0),
(120, 'MAHECHA CARDENAS ROGER', '18391968', '3195180857', NULL, NULL, 0, '2020-03-19 20:55:40', '2020-04-20 20:44:35', 0, 1, 0),
(121, 'MARTINEZ CELIS VERONICA DE JESUS', '1022928685', '3024587605', NULL, NULL, 1, '2020-03-19 20:56:44', '2020-03-19 20:56:44', 0, 0, 0),
(122, 'JARAMILLO BATERO ANDRES', '1088286756', '3114845144', NULL, NULL, 1, '2020-03-19 20:58:01', '2020-05-11 14:50:55', 0, 0, 0),
(123, 'ROZO RODRIGUEZ LUIS ARCELIO', '4097264', '3133196043', NULL, NULL, 1, '2020-03-19 21:28:05', '2020-03-19 21:28:05', 0, 0, 0),
(124, 'GARCIA CESPEDES GUILLERMO', '14250697', '3203610510', NULL, NULL, 1, '2020-03-19 21:28:52', '2020-03-19 21:28:52', 0, 0, 0),
(125, 'GUZMAN BRIÑEZ JUAN CARLOS', '5972352', '3202460868', NULL, NULL, 1, '2020-03-19 21:29:41', '2020-03-19 21:29:41', 0, 0, 0),
(126, 'PUELLO ZUÑIGA ANGEL', '3125634706', '3125634706', NULL, NULL, 0, '2020-03-19 21:30:12', '2020-04-20 18:05:42', 0, 1, 0),
(127, 'GOLONDRINO VOLVERAS OLVEIN', '1081394906', '3102913216', NULL, NULL, 1, '2020-03-19 21:31:54', '2020-03-19 21:31:54', 0, 0, 0),
(128, 'CASARAS GUERRA JOSE LUIS', '1052964255', '3228100777', NULL, NULL, 1, '2020-03-19 21:32:32', '2020-03-19 21:32:32', 0, 0, 0),
(129, 'MARIN DIAZ GERARDO', '13959671', '3232117846', NULL, NULL, 1, '2020-03-19 21:33:04', '2020-03-19 21:33:04', 0, 0, 0),
(130, 'CASARES GUERRA LUIS EDUARDO', '1052969287', '3008008505', NULL, NULL, 1, '2020-03-19 21:33:37', '2020-03-19 21:33:37', 0, 0, 0),
(131, 'TOCAREMA QUIMBA JHONATAN FABIAN', '1019014529', '3183562702', NULL, NULL, 1, '2020-03-19 21:34:18', '2020-03-19 21:34:18', 0, 0, 0),
(132, 'JIMENEZ MARTINEZ FRANCISCO', '12562246', '3057039937', NULL, NULL, 1, '2020-03-19 21:34:58', '2020-03-19 21:34:58', 0, 0, 0),
(133, 'CELIS CASTRILLON HELBERTH ALFONSO', '1023913571', '3182516996', NULL, NULL, 1, '2020-03-19 21:35:44', '2020-03-19 21:35:44', 0, 0, 0),
(134, 'TACUMA GUTIERREZ ERIK GUSTAVO', '1106453428', '3206791412', NULL, NULL, 0, '2020-03-19 21:36:26', '2020-04-20 19:48:39', 0, 1, 0),
(135, 'SOCAMOSO MADRIGAL JOSE JAIR', '5971412', '3123915643', NULL, NULL, 1, '2020-03-19 21:37:01', '2020-03-19 21:37:01', 0, 0, 0),
(136, 'ARDILA ARDILA JOSE ADAN', '5657727', '3183370023', NULL, NULL, 1, '2020-03-19 21:37:36', '2020-03-19 21:37:36', 0, 0, 0),
(137, 'GONGORA MARROQUIN ARCEL', '1033814206', '3209517502', NULL, NULL, 1, '2020-03-19 21:38:08', '2020-03-19 21:38:08', 0, 0, 0),
(138, 'MOYA CALVO MAIRA ALEJANDRA', '1051741449', '3228951702', NULL, NULL, 1, '2020-03-19 21:39:01', '2020-03-19 21:39:01', 0, 0, 0),
(139, 'MADRID MARRUGO CARLOS MARIO', '1063650044', '3015545228', NULL, NULL, 1, '2020-03-19 21:39:35', '2020-03-19 21:39:35', 0, 0, 0),
(140, 'LEON GARNICA MARIA ALEJANDRA', '1053584813', '3142887456', NULL, NULL, 1, '2020-03-19 21:40:12', '2020-03-19 21:40:12', 0, 0, 0),
(141, 'FLOREZ RUIZ JORGE LUIS', '71242789', '3008107277', NULL, NULL, 1, '2020-03-19 21:41:21', '2020-03-19 21:41:21', 0, 0, 0),
(142, 'HERRERA HUERTAS FRANCISCO', '79523874', '3057240195', NULL, NULL, 1, '2020-03-20 12:37:56', '2020-03-20 12:37:56', 0, 0, 0),
(143, 'PARRA GUTIERREZ LUIS ALBERTO', '1006579718', '3022849258', NULL, NULL, 1, '2020-03-20 12:40:30', '2020-03-20 12:40:30', 0, 0, 0),
(144, 'MINOTTA TORRES JORGE HERNAN', '1004052588', '3142046508', NULL, NULL, 1, '2020-03-20 12:42:13', '2020-03-20 12:42:13', 0, 0, 0),
(145, 'PATERNINA RAMOS BENJAMIN SEGUNDO', '14249712', '3104907842', NULL, NULL, 1, '2020-03-20 12:42:54', '2020-03-20 12:42:54', 0, 0, 0),
(146, 'AYERBE LOZANO FELIX ANTONIO', '93412294', '3156933869', NULL, NULL, 1, '2020-03-20 12:43:20', '2020-03-20 12:43:20', 0, 0, 0),
(147, 'OSORIO LUIS ANDRES', '10184869', '3134957137', NULL, NULL, 1, '2020-03-20 12:43:37', '2020-03-20 12:43:37', 0, 0, 0),
(148, 'CAMPOS CARDOZO LUIS HUMBERTO', '80070131', '3102151744', NULL, NULL, 1, '2020-03-20 12:44:12', '2020-03-20 12:44:12', 0, 0, 0),
(149, 'CASTAÑO LUIS ALONSO', '93293614', '3142401683', NULL, NULL, 1, '2020-03-20 12:45:03', '2020-03-20 12:45:03', 0, 0, 0),
(150, 'HERNANDEZ NAVARRO WILLIAM JAVIER', '1047368788', '3203184974', NULL, NULL, 1, '2020-03-20 12:46:27', '2020-03-20 12:46:27', 0, 0, 0),
(151, 'TRUJILLO ARTUNDUAGA JOSE EINER', '1077857234', '3205877011', NULL, NULL, 1, '2020-03-20 12:47:43', '2020-03-20 12:47:43', 0, 0, 0),
(152, 'BRAVO AGUDELO OMAR SEBASTIAN', '1026570488', '3143859292', NULL, NULL, 1, '2020-03-20 12:49:50', '2020-03-20 12:49:50', 0, 0, 0),
(153, 'RODRIGUEZ CUERVO EDGAR ALFONSO', '79184538', '3133623958', NULL, NULL, 1, '2020-03-20 12:49:54', '2020-03-20 12:49:54', 0, 0, 0),
(154, 'MORENO SANABRIA FREDDY', '80050736', '3232170789', NULL, NULL, 1, '2020-03-20 12:50:27', '2020-03-20 12:50:27', 0, 0, 0),
(155, 'FORERO ALFONSO ALEXANDER', '79668038', '3175923919', NULL, NULL, 1, '2020-03-20 12:50:37', '2020-03-20 12:50:37', 0, 0, 0),
(156, 'ALVAREZ SALAZAR RUBEN ALBERTO', '75076844', '3013392419', NULL, NULL, 1, '2020-03-20 12:51:13', '2020-03-20 12:51:13', 0, 0, 0),
(157, 'AMAYA DUSTANO', '3027392', '3142578492', NULL, NULL, 1, '2020-03-20 12:51:57', '2020-03-20 12:51:57', 0, 0, 0),
(158, 'CASTRO MARIA DEL CARMEN', '20971660', '3175222133', NULL, NULL, 1, '2020-03-20 12:53:09', '2020-03-20 12:53:09', 0, 0, 0),
(159, 'MORALES GUILLERMO', '5836991', '3053995829', NULL, NULL, 1, '2020-03-20 12:53:43', '2020-03-20 12:53:43', 0, 0, 0),
(160, 'MARQUEZ ARE HENRY', '91220023', '3125723692', NULL, NULL, 1, '2020-03-20 12:57:09', '2020-03-20 12:57:09', 0, 0, 0),
(161, 'AREVALO FLORIDO JAIRO EDUARDO', '1077967425', '3118188664', NULL, NULL, 1, '2020-03-20 12:57:32', '2020-03-20 12:57:32', 0, 0, 0),
(162, 'UPARELA ALEMAN ORLANDO MANUEL', '10879886', '3053121875', NULL, NULL, 1, '2020-03-20 12:57:46', '2020-03-20 12:57:46', 0, 0, 0),
(163, 'AMAYA LOPEZ DAVID EDUARDO', '1121828433', '3506736871', NULL, NULL, 1, '2020-03-20 12:58:16', '2020-03-20 12:58:16', 0, 0, 0),
(164, 'COMBITA RAMIREZ ISIDORO', '4269593', '3125199392', NULL, NULL, 1, '2020-03-20 12:58:28', '2020-03-20 12:58:28', 0, 0, 0),
(165, 'ROJAS FUENTES JOSE ARTURO', '80112408', '3127964470', NULL, NULL, 1, '2020-03-20 12:59:27', '2020-03-20 12:59:27', 0, 0, 0),
(166, 'HASTAMORIR SALAMANCA MARTHA CECILIA', '52472294', '3107913767', NULL, NULL, 1, '2020-03-20 12:59:35', '2020-03-20 12:59:35', 0, 0, 0),
(167, 'SAENZ RIVERA REISOR', '1024507493', '3219685941', NULL, NULL, 1, '2020-03-20 13:00:22', '2020-03-20 13:00:22', 0, 0, 0),
(168, 'MORENO PAEZ VÍCTOR MANUEL', '80383539', '3144876890', NULL, NULL, 1, '2020-03-20 13:01:16', '2020-03-20 13:01:16', 0, 0, 0),
(169, 'PACHECO LOPEZ JUAN CARLOS', '80176442', '3102307378', NULL, NULL, 1, '2020-03-20 13:01:42', '2020-03-20 13:01:42', 0, 0, 0),
(170, 'MERCADO LUIS ALBERTO', '1071353942', '3104827862', NULL, NULL, 1, '2020-03-20 13:01:59', '2020-03-20 13:01:59', 0, 0, 0),
(171, 'VASQUEZ GONZALEZ SANDRA PATRICIA', '52827318', '3004041771', NULL, NULL, 1, '2020-03-20 13:02:46', '2020-03-20 13:02:46', 0, 0, 0),
(172, 'DURAN CEDANO LIZBETH', '1012404242', '3227600189', NULL, NULL, 1, '2020-03-20 13:03:11', '2020-03-20 13:03:11', 0, 0, 0),
(173, 'QUINTERO ESPITIAN JOSE ANGEL', '79983943', '3124037764', NULL, NULL, 1, '2020-03-20 13:03:15', '2020-03-20 13:03:15', 0, 0, 0),
(174, 'SAMBONI MUÑOZ LICERIO', '12170833', '3057048248', NULL, NULL, 0, '2020-03-20 13:03:32', '2020-04-20 19:40:56', 0, 1, 0),
(175, 'SUAREZ GUTIERREZ MARIA DEL CARMEN', '52393494', '3202541449', NULL, NULL, 1, '2020-03-20 13:04:16', '2020-03-20 13:04:16', 0, 0, 0),
(176, 'VERGARA GARZON GUSTAVO ADOLFO', '1077967897', '32231116001', NULL, NULL, 1, '2020-03-20 13:04:26', '2020-03-20 13:04:26', 0, 0, 0),
(177, 'PEÑA PASTRANA YEISON RICARDO', '1053327535', '3125783242', NULL, NULL, 1, '2020-03-20 13:05:10', '2020-03-20 13:05:10', 0, 0, 0),
(178, 'RUIZ BERNAL ANDRES GUILLERMO', '1012334147', '3202945655', NULL, NULL, 1, '2020-03-20 13:05:19', '2020-03-20 13:05:19', 0, 0, 0),
(179, 'CHOACHI MOSQUERA JHON JAIRO', '80282424', '3115408075', NULL, NULL, 1, '2020-03-20 13:05:23', '2020-03-20 13:05:23', 0, 0, 0),
(180, 'MONTIEL DUCUARA WILFREDO', '93020534', '3142382135', NULL, NULL, 1, '2020-03-20 13:05:55', '2020-03-20 13:05:55', 0, 0, 0),
(181, 'GAITAN GAMBOA RAFAEL EDUARDO', '1077973854', '3023857406', NULL, NULL, 1, '2020-03-20 13:06:06', '2020-03-20 13:06:06', 0, 0, 0),
(182, 'GUERRA AVENDAÑO WILSON SEGUNDO', '72048471', '3102769094', NULL, NULL, 1, '2020-03-20 13:07:16', '2020-03-20 13:07:16', 0, 0, 0),
(183, 'TORRES MACHETE ANATOLIO', '3002016', '3215290847', NULL, NULL, 1, '2020-03-20 13:08:29', '2020-03-20 13:08:29', 0, 0, 0),
(184, 'BELTRAN CABALLERO JORGE ENRIQUE', '1077966258', '3113587063', NULL, NULL, 1, '2020-03-20 13:10:33', '2020-03-20 13:10:33', 0, 0, 0),
(185, 'DUCUARA TIQUE JOSE CIRO', '80276511', '3108007556', NULL, NULL, 1, '2020-03-20 13:11:08', '2020-03-20 13:11:08', 0, 0, 0),
(186, 'RIVERA LANCHEROS PABLO ENRRIQUE', '19239049', '3103224222', NULL, NULL, 1, '2020-03-20 13:11:24', '2020-03-20 13:11:24', 0, 0, 0),
(187, 'ROJAS FONTALVO ANTONI', '1070707559', '3227638869', NULL, NULL, 1, '2020-03-20 13:11:51', '2020-03-20 13:11:51', 0, 0, 0),
(188, 'JIMENEZ ROMERO JOSE ALFREDO', '80283075', '3118997196', NULL, NULL, 1, '2020-03-20 13:12:24', '2020-03-20 13:12:24', 0, 0, 0),
(189, 'PORTILLO LINDARTE JAMER', '1065870559', '3004797687', NULL, NULL, 1, '2020-03-20 13:13:20', '2020-03-20 13:13:20', 0, 0, 0),
(190, 'VERGARA CUESTA JOSE LEONARDO', '2990526', '3103452125', NULL, NULL, 1, '2020-03-20 13:14:33', '2020-03-20 13:14:33', 0, 0, 0),
(191, 'PERDOMO ALVAREZ MANUEL ANTONIO', '79259185', '3142416355', NULL, NULL, 1, '2020-03-20 13:14:39', '2020-03-20 13:14:39', 0, 0, 0),
(192, 'CARDONAGUZMAN SAID STIVEN', '1033747430', '3106959937', NULL, NULL, 1, '2020-03-20 13:16:05', '2020-03-20 13:16:05', 0, 0, 0),
(193, 'BEJARANO PARRA MANUEL DARIO', '80228460', '3177548108', NULL, NULL, 1, '2020-03-20 13:19:06', '2020-03-20 13:19:06', 0, 0, 0),
(194, 'CANELO BELEÑO VLADIMIR', '1051673892', '3125660083', NULL, NULL, 1, '2020-03-20 13:19:45', '2020-03-20 13:19:45', 0, 0, 0),
(195, 'LOPEZ LOZANO JUAN CARLOS', '79514383', '3124375444', NULL, NULL, 1, '2020-03-20 13:23:06', '2020-03-20 13:23:06', 0, 0, 0),
(196, 'RAMOS GREFEISTEIN NIXON OMAR', '3187691', '3107950354', NULL, NULL, 1, '2020-03-20 13:28:05', '2020-03-20 13:28:05', 0, 0, 0),
(197, 'LOPEZ MENDOZA JHON FREDDY', '1030604544', '3046729105', NULL, NULL, 1, '2020-03-20 13:29:55', '2020-03-20 13:29:55', 0, 0, 0),
(198, 'ASPRILLA GIRON HAMILTON CUPERTINO', '4840294', '3112600682', NULL, NULL, 1, '2020-03-20 13:30:20', '2020-03-20 13:30:20', 0, 0, 0),
(199, 'PEREZ LOPEZ RODRIGO JOSE', '1103105383', '3208599935', NULL, NULL, 1, '2020-03-20 13:33:46', '2020-03-20 13:33:46', 0, 0, 0),
(200, 'VANEGAS CARDONA DIEGO FERNANDO', '1096032090', '3206543502', NULL, NULL, 1, '2020-03-20 13:36:09', '2020-03-20 13:36:09', 0, 0, 0),
(201, 'AREVALO RODRIGUEZ JUAN PATRICIO', '80467278', '3134851382', NULL, NULL, 1, '2020-03-20 13:39:37', '2020-03-20 13:39:37', 0, 0, 0),
(202, 'CASTILLO VELASQUEZ PEDRO', '3065296', '3045287333', NULL, NULL, 1, '2020-03-20 13:40:42', '2020-03-20 13:40:42', 0, 0, 0),
(203, 'PEÑA ORTIZ LUIS CARLOS', '1051655118', '3007363509', NULL, NULL, 1, '2020-03-20 13:42:00', '2020-03-20 13:42:00', 0, 0, 0),
(204, 'JEREZ LEON ISMAEL REIMUNDO', '1127924485', '3148658891', NULL, NULL, 1, '2020-03-20 13:43:20', '2020-03-20 13:43:20', 0, 0, 0),
(205, 'MARQUEZ ALVAREZ VALENTIN', '1045502704', '3007678917', NULL, NULL, 1, '2020-03-20 13:44:23', '2020-03-20 13:44:23', 0, 0, 0),
(206, 'DORIA MARTINEZ JORGE LUIS', '10997263', '3108075196', NULL, NULL, 1, '2020-03-20 13:45:46', '2020-03-20 13:45:46', 0, 0, 0),
(207, 'REYES BERNAL JOSE ALEXANDER', '11224692', '3125675042', NULL, NULL, 1, '2020-03-20 13:47:36', '2020-03-20 13:47:36', 0, 0, 0),
(208, 'VARGAS CARDONA JAIBER ANDRES', '14274547', '3147557632', NULL, NULL, 1, '2020-03-20 13:49:04', '2020-03-20 13:49:04', 0, 0, 0),
(209, 'VASQUEZ CABALLERO ELIANA', '52286991', '3125254380', NULL, NULL, 1, '2020-03-20 13:50:20', '2020-03-20 13:50:20', 0, 0, 0),
(210, 'RAMOS MORENO FREDY ARMANDO', '9620340', '3203119713', NULL, NULL, 1, '2020-03-20 13:51:35', '2020-03-20 13:51:35', 0, 0, 0),
(211, 'PEÑA OYOLA ALFONSO', '1033713686', '3213212106', NULL, NULL, 1, '2020-03-20 13:52:42', '2020-03-20 13:52:42', 0, 0, 0),
(212, 'MURCIA FLORES ANDRES FELIPE', '1007659808', '3204575839', NULL, NULL, 0, '2020-03-20 13:54:06', '2020-05-22 21:19:39', 1, 0, 0),
(213, 'GOMEZ TOBARIA LUIS ALEJANDRO', '80547644', '3125347404', NULL, NULL, 0, '2020-03-20 13:55:15', '2020-05-22 21:17:56', 1, 0, 0),
(214, 'OBANDO RODRIGUEZ SANTIAGO HUMBERTO', '1070308091', '3209575842', NULL, NULL, 0, '2020-03-20 13:56:44', '2020-05-22 21:20:02', 1, 0, 0),
(215, 'URRESTI CANTUCA  LUIS ALBERTO', '87471771', '3224687459', NULL, NULL, 1, '2020-03-20 13:58:09', '2020-03-20 13:58:09', 0, 0, 0),
(216, 'ARRIETA SALAGADO ALBEIRO DE JESUS', '1066731548', '3214898364', NULL, NULL, 1, '2020-03-20 13:59:32', '2020-03-20 13:59:32', 0, 0, 0),
(217, 'ROBLES NARANJO JUAN GUILLERMO', '1014195256', '3002851583', NULL, NULL, 1, '2020-03-20 14:01:01', '2020-03-20 14:01:01', 0, 0, 0),
(218, 'OSPINA ESQUIVEL LILIANA MARCELA', '1110507114', '3173357256', NULL, NULL, 1, '2020-03-20 14:02:50', '2020-03-20 14:02:50', 0, 0, 0),
(219, 'BARRAGAN CERVANTE YEISON MIGUEL', '85290158', '3207666381', NULL, NULL, 1, '2020-03-20 14:03:54', '2020-03-20 14:03:54', 0, 0, 0),
(220, 'IBAÑEZ DAZA LISBETH MORELYS', '1127593965', '3106744907', NULL, NULL, 1, '2020-03-20 14:05:12', '2020-03-20 14:05:12', 0, 0, 0),
(221, 'SANTA OTAVO JOSE NELSON', '79843761', '3202665366', NULL, NULL, 1, '2020-03-20 14:06:27', '2020-03-20 14:06:27', 0, 0, 0),
(222, 'DUARTE CEPEDA JHON EDISON', '1096484110', '3152512119', NULL, NULL, 1, '2020-03-20 14:07:50', '2020-03-20 14:07:50', 0, 0, 0),
(223, 'PEREZ MORA YOLIMA', '39672144', '3058159882', NULL, NULL, 1, '2020-03-20 14:09:22', '2020-03-20 14:09:22', 0, 0, 0),
(224, 'ROMERO BARRERA LUIS ALBERTO', '74085631', '3184263658', NULL, NULL, 1, '2020-03-20 14:10:44', '2020-03-20 14:10:44', 0, 0, 0),
(225, 'ROJAS SOSA JHONATAN ESTEBAN', '1077091518', '3104263404', NULL, NULL, 1, '2020-03-20 14:12:48', '2020-03-20 14:12:48', 0, 0, 0),
(226, 'PRADA MORENO VICTOR GUILLERMO', '1076716397', '3203757604', NULL, NULL, 1, '2020-03-20 14:14:17', '2020-03-20 14:14:17', 0, 0, 0),
(227, 'PENAGOS VELANDIA YENNY ALEJANDRA', '1078348379', '3142887456', NULL, NULL, 1, '2020-03-20 14:15:49', '2020-03-20 14:15:49', 0, 0, 0),
(228, 'RODRIGUEZ GALVIS KAREN YILIETH', '1073609004', '3102737245', NULL, NULL, 1, '2020-03-20 14:17:00', '2020-03-20 14:17:00', 0, 0, 0),
(229, 'RUIZ RUIZ YERLYS MARIA', '1127609246', '3125121451', NULL, NULL, 1, '2020-03-20 14:41:08', '2020-03-20 14:41:08', 0, 0, 0),
(230, 'VANEGAS PINZON LEIDY VIVIANA', '1013624981', '3138370172', NULL, NULL, 1, '2020-03-20 14:42:32', '2020-03-20 14:42:32', 0, 0, 0),
(231, 'RAMIREZ VELEZ EDWIN YEFERSON', '80259683', '3053848373', NULL, NULL, 1, '2020-03-20 14:43:53', '2020-03-20 14:43:53', 0, 0, 0),
(232, 'GOMEZ GARCIA WALTER ROLANDO', '1023897067', '3228240432', NULL, NULL, 1, '2020-03-20 14:45:23', '2020-03-20 14:45:23', 0, 0, 0),
(233, 'BALLESTEROS GONZALEZ SANDRA MILENA', '20927913', '3142740592', NULL, NULL, 0, '2020-03-20 14:54:22', '2020-04-20 20:35:04', 0, 1, 0),
(234, 'ROCHA DURAN LUIS ALBEIRO', '5950904', '3123392157', NULL, NULL, 1, '2020-03-20 15:08:24', '2020-03-20 15:08:24', 0, 0, 0),
(235, 'UNIDAD FALTANTE  RIAÑO', '999999999', '999999999', NULL, NULL, 1, '2020-03-20 18:36:34', '2020-04-20 20:22:50', 0, 0, 0),
(236, 'BARBOSA RODRIGUEZ JOHN EDWIN', '79971850', '3204755310', NULL, NULL, 1, '2020-03-20 18:52:59', '2020-03-20 18:52:59', 0, 0, 0),
(237, 'GALARCIO CORREA MARLON ANDRÉS', '1001592986', '3203543283', NULL, NULL, 1, '2020-03-20 18:55:30', '2020-03-20 18:55:30', 0, 0, 0),
(238, 'DIAS GOMEZ DIOMEDEZ', '1095700187', '3127562333', NULL, NULL, 1, '2020-03-20 18:56:41', '2020-03-20 18:56:41', 0, 0, 0),
(239, 'ANDRADE URRIETA CLARA SUSANA', '1065570920', '3174540411', NULL, NULL, 1, '2020-03-20 18:59:06', '2020-03-20 18:59:06', 0, 0, 0),
(240, 'JACOME NATES LUISA FERNANDA', '1014220111', '3197522115', NULL, NULL, 1, '2020-03-20 19:02:39', '2020-03-20 19:02:39', 0, 0, 0),
(241, 'BUITRAGO LOZANO MARTHA LUCIA', '53005399', '3185745539', NULL, NULL, 1, '2020-03-20 19:04:42', '2020-03-20 19:04:42', 0, 0, 0),
(242, 'LOZANO ALVARADO FERNANDO', '10417649', '3502595315', NULL, NULL, 1, '2020-03-20 19:05:35', '2020-03-20 19:05:35', 0, 0, 0),
(243, 'TELLEZ ESCAMILLA WILMER ALEXANDER', '1099342897', '3103062598', NULL, NULL, 1, '2020-03-20 19:09:24', '2020-03-20 19:09:24', 0, 0, 0),
(244, 'QUIROZ BELTRAN JAIDER JOSE', '3837321', '3219756384', NULL, NULL, 1, '2020-03-20 19:15:30', '2020-03-20 19:15:30', 0, 0, 0),
(245, 'CARDENAS BALAGUERA CESAR DAVID', '93424072', '3144622650', NULL, NULL, 1, '2020-03-20 19:21:35', '2020-03-20 19:21:35', 0, 0, 0),
(246, 'FERNANDEZ FRAGOSO CARLOS ALBERTO', '1127626386', '3214591612', NULL, NULL, 1, '2020-03-20 19:25:03', '2020-03-20 19:25:03', 0, 0, 0),
(247, 'LOZANO BOCANEGRA MAICOL ALEXANDER', '1006093943', '3203572456', NULL, NULL, 1, '2020-03-20 19:25:59', '2020-03-20 19:25:59', 0, 0, 0),
(248, 'RAMIREZ ARISTIZABAL LUIS FERNANDO', '4582071', '3134965389', NULL, NULL, 1, '2020-03-20 19:28:02', '2020-03-20 19:28:02', 0, 0, 0),
(249, 'HERNANDEZ SOLORZANO ERIC SABASTIAN', '1054682468', '3133904482', NULL, NULL, 1, '2020-03-20 19:33:26', '2020-03-20 19:33:26', 0, 0, 0),
(250, 'FORERO ROBERTO JOHANA PATRICIA', '1054540337', '3213542642', NULL, NULL, 1, '2020-03-20 19:34:24', '2020-03-20 19:34:24', 0, 0, 0),
(251, 'RODRIGUEZ GUTIERREZ LUIS AROLDO', '93205214', '3133758250', NULL, NULL, 1, '2020-03-20 19:36:44', '2020-03-20 19:36:44', 0, 0, 0),
(252, 'CELY BADEL JUAN MANUEL', '1010060165', '3182022135', NULL, NULL, 1, '2020-03-20 19:38:53', '2020-03-20 19:38:53', 0, 0, 0),
(253, 'OSORIO MARIN VICTOR DANIEL', '1010195385', '3102615205', NULL, NULL, 1, '2020-03-20 19:39:57', '2020-03-20 19:39:57', 0, 0, 0),
(254, 'PADILLA GARZON LUBIAN', '1003698679', '3164958285', NULL, NULL, 1, '2020-03-20 19:41:54', '2020-03-20 19:41:54', 0, 0, 0),
(255, 'RODRIGUEZ GOMEZ CARLOS ALBERTO', '80180272', '3174029029', NULL, NULL, 1, '2020-03-20 19:45:54', '2020-03-20 19:45:54', 0, 0, 0),
(256, 'ROJAS BAYONA JHON JAIRO', '74082016', '3138099768', NULL, NULL, 1, '2020-03-20 19:47:07', '2020-03-20 19:47:07', 0, 0, 0),
(257, 'YULI CAROLINA LAISECA CAICEDO', '106306146', '3186951649', NULL, NULL, 1, '2020-03-20 20:26:28', '2020-03-20 20:26:28', 0, 0, 0),
(258, 'JOHN ALEJANDRO RIAÑO ROSAS', '80178453', '3046162923', NULL, NULL, 1, '2020-03-20 20:27:43', '2020-03-20 20:27:43', 0, 0, 0),
(259, 'CESAR AUGUSTO BAYONA OSPINA', '79055254', '3162482225', NULL, NULL, 1, '2020-03-20 20:30:04', '2020-03-20 20:30:04', 0, 0, 0),
(260, 'ARCINIEGAS HOLGUIN JOSE LEONARDO', '93393948', '3204817241', NULL, NULL, 1, '2020-03-20 20:32:01', '2020-03-20 20:32:01', 0, 0, 0),
(261, 'CONTRERAS RODRIGUEZ SUSANA ANDREA', '35394446', '3003557769', NULL, NULL, 1, '2020-03-20 20:34:22', '2020-03-20 20:34:22', 0, 0, 0),
(262, 'CAÑON GRACIANO DIEGO ALEXANDER', '1023876371', '3232384089', NULL, NULL, 1, '2020-03-20 20:37:33', '2020-03-20 20:37:33', 0, 0, 0),
(263, 'SALGADO SUAREZ NIRYS SOFIA', '26039289', '3107521391', NULL, NULL, 1, '2020-03-20 20:38:20', '2020-03-20 20:38:20', 0, 0, 0),
(264, 'CHAVEZ CRISTIAN NELBER', '80188701', '3115849362', NULL, NULL, 1, '2020-03-20 20:39:24', '2020-03-20 20:39:24', 0, 0, 0),
(265, 'MORENO SANCHEZ WILMER ESTEBAN', '1033809077', '3208862838', NULL, NULL, 1, '2020-03-20 20:40:39', '2020-03-20 20:40:39', 0, 0, 0),
(266, 'MANRRIQUE NAVARRO ASTRID1109001', '1109001073', '3023467742', NULL, NULL, 1, '2020-03-20 20:46:47', '2020-03-20 20:46:47', 0, 0, 0),
(267, 'VELOZA NIETO SANDRA PATRICIA', '52289317', '3124888277', NULL, NULL, 1, '2020-03-20 20:48:05', '2020-03-20 20:48:05', 0, 0, 0),
(268, 'HIGUITA GIRALDO FARDDY DE JESUS', '1121905563', '3214504868', NULL, NULL, 1, '2020-03-20 20:49:23', '2020-03-20 20:49:23', 0, 0, 0),
(269, 'OYOLA GOMEZ LUIS ALFREDO', '93470655', '3105797884', NULL, NULL, 1, '2020-03-23 17:54:10', '2020-03-23 17:54:10', 0, 0, 0),
(270, 'TRIVIÑO RAMIREZ URIEL', '4564879', '3177271283', NULL, NULL, 1, '2020-03-23 17:55:04', '2020-03-23 17:55:04', 0, 0, 0),
(271, 'GALLEGO HENAO JHONY ALBEIRO', '79818930', '3202437676', NULL, NULL, 1, '2020-03-23 17:55:54', '2020-03-23 17:55:54', 0, 0, 0),
(272, 'ESPINOSA GARZON GUILLERMO', '80794995', '3008573064', NULL, NULL, 1, '2020-03-23 17:57:16', '2020-03-23 17:57:16', 0, 0, 0),
(273, 'ROA MONTENEGRO BAUDILIO', '74352206', '3143012726', NULL, NULL, 1, '2020-03-23 17:58:00', '2020-03-23 17:58:00', 0, 0, 0),
(274, 'GARCIA CASILIMAS FERNANDO', '14252193', '3108749508', NULL, NULL, 1, '2020-03-23 17:58:56', '2020-03-23 17:58:56', 0, 0, 0),
(275, 'DUCUARA TIQUE JOSE CIRO', '98515609', '3142315755', NULL, NULL, 1, '2020-03-23 18:13:31', '2020-03-23 18:13:31', 0, 0, 0),
(276, 'LOZANO GUZMAN WILLIAM', '93085623', '3232839859', NULL, NULL, 1, '2020-03-23 18:14:08', '2020-03-23 18:14:08', 0, 0, 0),
(277, 'PEREZ TIQUE JOSE VICTOR', '93419629', '3138508309', NULL, NULL, 1, '2020-03-23 18:15:24', '2020-03-23 18:15:24', 0, 0, 0),
(278, 'UNIDAD FALTANTE CESAR 4', '11111', '22222', NULL, NULL, 1, '2020-03-23 18:24:43', '2020-05-11 14:17:56', 0, 0, 0),
(280, 'CARMONA SOTELO LUIS DARIO', '78764746', '3057903728', NULL, NULL, 1, '2020-03-26 14:22:17', '2020-03-26 14:22:17', 0, 0, 0),
(281, 'CASTIBLANCO MOJICA DAVID ALBERTO', '1030680202', '3212080772', NULL, NULL, 1, '2020-03-26 14:22:51', '2020-03-26 14:22:51', 0, 0, 0),
(282, 'TRUJILLO SANCHEZ JOSE OVIDIO', '18463576', '3103220166', NULL, NULL, 1, '2020-03-26 14:23:18', '2020-03-26 14:23:18', 0, 0, 0),
(283, 'CRUZ SANCHEZ CARLOS JULIO', '79395625', '3102061671', NULL, NULL, 1, '2020-03-26 14:28:39', '2020-03-26 14:28:39', 0, 0, 0),
(284, 'PARRA APONTE ANDRÉS', '79258407', '3208856164', NULL, NULL, 1, '2020-03-26 14:29:08', '2020-03-26 14:29:08', 0, 0, 0),
(285, 'HERNANDEZ CONTRERAS GERLAMIN JOSE', '7384733', '3204365442', NULL, NULL, 1, '2020-03-26 14:29:41', '2020-03-26 14:29:41', 0, 0, 0),
(286, 'UNIDAD FALTANTE CESAR 1', '11111111111', '0000000000', NULL, NULL, 1, '2020-04-21 14:50:42', '2020-05-11 14:16:49', 0, 0, 0),
(287, 'UNIDAD FALTANTE CESAR 2', '22222222222', '3162482225', NULL, NULL, 1, '2020-04-21 14:51:12', '2020-05-11 14:17:11', 0, 0, 0),
(288, 'UNIDAD FALTANTE CESAR 3', '333333333333', '3162482225', NULL, NULL, 1, '2020-04-21 14:51:41', '2020-05-11 14:17:37', 0, 0, 0),
(289, 'RELEVANTE FANTASMA RIAÑO', '52797273', '3046162923', NULL, NULL, 1, '2020-04-22 20:06:26', '2020-04-22 20:06:26', 0, 0, 0),
(290, 'ROSALBA JIMENEZ', '19116481', '3187944045', NULL, NULL, 1, '2020-05-05 22:13:57', '2020-05-05 22:13:57', 0, 0, 0),
(291, 'ACOSTA FLOREZ LAURA VIVIANA', '1007450363', '3125702004', NULL, NULL, 1, '2020-05-06 22:20:25', '2020-05-06 22:20:25', 0, 0, 0),
(292, 'UNIDAD FALTANTE CESAR MAGDALENA', '9999988888', '3162482225', NULL, NULL, 1, '2020-05-11 14:21:53', '2020-05-11 14:21:53', 0, 0, 0),
(293, 'PEREZ IBAÑEZ MARCIO DE JESUS', '1143122472', '3228632311', NULL, NULL, 1, '2020-05-12 12:19:31', '2020-05-12 12:19:31', 0, 0, 0);

-- --------------------------------------------------------

--
-- Estructura de tabla para la tabla `watchmen_has_dismissals`
--

CREATE TABLE `watchmen_has_dismissals` (
  `id` int(11) NOT NULL,
  `is_principal` int(1) NOT NULL DEFAULT '0',
  `watchmen_id` int(11) NOT NULL,
  `resignations_and_dismissals_id` int(11) NOT NULL
) ENGINE=InnoDB DEFAULT CHARSET=utf8;

--
-- Volcado de datos para la tabla `watchmen_has_dismissals`
--

INSERT INTO `watchmen_has_dismissals` (`id`, `is_principal`, `watchmen_id`, `resignations_and_dismissals_id`) VALUES
(1, 1, 126, 1),
(2, 1, 174, 2),
(3, 1, 116, 3),
(4, 1, 122, 4),
(5, 1, 134, 5),
(6, 1, 233, 6),
(7, 1, 48, 7),
(8, 1, 110, 8),
(9, 1, 120, 9),
(20, 1, 213, 15),
(21, 1, 212, 16),
(22, 1, 214, 17);

-- --------------------------------------------------------

--
-- Estructura de tabla para la tabla `watchmen_has_news`
--

CREATE TABLE `watchmen_has_news` (
  `id` int(11) NOT NULL,
  `watchmen_id` int(11) NOT NULL,
  `news_id` int(11) NOT NULL,
  `is_principal` int(1) NOT NULL DEFAULT '0'
) ENGINE=InnoDB DEFAULT CHARSET=utf8;

--
-- Volcado de datos para la tabla `watchmen_has_news`
--

INSERT INTO `watchmen_has_news` (`id`, `watchmen_id`, `news_id`, `is_principal`) VALUES
(1, 281, 1, 1),
(2, 106, 1, 0),
(7, 14, 4, 1),
(8, 264, 4, 0),
(9, 86, 5, 1),
(10, 278, 5, 0),
(11, 86, 6, 1),
(12, 278, 6, 0),
(15, 281, 8, 1),
(16, 106, 8, 0),
(23, 201, 14, 1),
(24, 202, 15, 1),
(25, 201, 16, 1),
(26, 201, 17, 1),
(28, 202, 19, 1),
(37, 15, 28, 1),
(38, 15, 29, 1),
(49, 208, 40, 1),
(50, 208, 41, 1),
(51, 207, 42, 1),
(52, 206, 43, 1),
(53, 225, 44, 1),
(54, 22, 45, 1),
(55, 201, 10, 1),
(56, 200, 11, 1),
(58, 12, 46, 1),
(59, 200, 12, 1),
(61, 201, 13, 1),
(62, 22, 48, 1),
(63, 122, 49, 1),
(64, 287, 49, 0),
(65, 202, 50, 1),
(66, 122, 51, 1),
(67, 12, 52, 1),
(68, 37, 53, 1),
(69, 40, 54, 1),
(70, 40, 55, 1),
(71, 40, 56, 1),
(72, 262, 57, 1),
(73, 47, 58, 1),
(74, 47, 59, 1),
(75, 47, 60, 1),
(76, 47, 61, 1),
(77, 47, 62, 1),
(78, 47, 63, 1),
(79, 49, 64, 1),
(80, 49, 65, 1),
(81, 51, 66, 1),
(82, 50, 66, 0),
(83, 50, 67, 1),
(84, 153, 68, 1),
(85, 153, 69, 1),
(86, 173, 70, 1),
(87, 173, 71, 1),
(88, 173, 72, 1),
(89, 173, 73, 1),
(90, 173, 74, 1),
(91, 189, 75, 1),
(92, 231, 76, 1),
(94, 202, 9, 1),
(96, 281, 77, 1),
(97, 106, 77, 0),
(99, 205, 78, 1),
(102, 202, 81, 1),
(103, 201, 82, 1),
(104, 201, 83, 1),
(105, 202, 84, 1),
(106, 202, 85, 1),
(107, 201, 86, 1),
(108, 204, 30, 1),
(109, 15, 87, 1),
(110, 204, 88, 1),
(111, 15, 33, 1),
(112, 204, 34, 1),
(113, 15, 89, 1),
(114, 204, 90, 1),
(115, 15, 37, 1),
(116, 204, 38, 1),
(117, 15, 39, 1),
(118, 204, 91, 1),
(119, 15, 92, 1),
(120, 204, 93, 1),
(121, 15, 94, 1),
(122, 204, 95, 1),
(123, 15, 96, 1),
(124, 208, 97, 1),
(125, 206, 97, 0),
(126, 200, 79, 1),
(127, 106, 98, 1);

--
-- Índices para tablas volcadas
--

--
-- Indices de la tabla `assignment`
--
ALTER TABLE `assignment`
  ADD PRIMARY KEY (`id`,`clients_id`),
  ADD KEY `fk_assignment_clients1_idx` (`clients_id`);

--
-- Indices de la tabla `assignment_as_watchmen`
--
ALTER TABLE `assignment_as_watchmen`
  ADD PRIMARY KEY (`id`,`watchmen_id`,`assignment_id`,`shifts_id`),
  ADD KEY `fk_assignment_as_watchmen_watchmen1_idx` (`watchmen_id`),
  ADD KEY `fk_assignment_as_watchmen_assignment1_idx` (`assignment_id`),
  ADD KEY `fk_assignment_as_watchmen_shifts1_idx` (`shifts_id`);

--
-- Indices de la tabla `clients`
--
ALTER TABLE `clients`
  ADD PRIMARY KEY (`id`,`shifts_id`),
  ADD KEY `fk_clients_shifts_idx` (`shifts_id`);

--
-- Indices de la tabla `client_has_shifts`
--
ALTER TABLE `client_has_shifts`
  ADD PRIMARY KEY (`id`,`shifts_id`,`clients_id`),
  ADD KEY `fk_client_has_shifts_shifts1_idx` (`shifts_id`),
  ADD KEY `fk_client_has_shifts_clients1_idx` (`clients_id`);

--
-- Indices de la tabla `news`
--
ALTER TABLE `news`
  ADD PRIMARY KEY (`id`),
  ADD KEY `fk_news_clients1_idx` (`clients_id`),
  ADD KEY `fk_news_assignment1_idx` (`assignment_id`,`assignment_clients_id`);

--
-- Indices de la tabla `resignations_and_dismissals`
--
ALTER TABLE `resignations_and_dismissals`
  ADD PRIMARY KEY (`id`);

--
-- Indices de la tabla `roles`
--
ALTER TABLE `roles`
  ADD PRIMARY KEY (`id`);

--
-- Indices de la tabla `shifts`
--
ALTER TABLE `shifts`
  ADD PRIMARY KEY (`id`);

--
-- Indices de la tabla `users`
--
ALTER TABLE `users`
  ADD PRIMARY KEY (`id`),
  ADD UNIQUE KEY `dni_UNIQUE` (`dni`);

--
-- Indices de la tabla `users_has_roles`
--
ALTER TABLE `users_has_roles`
  ADD PRIMARY KEY (`id`,`users_id`,`roles_id`),
  ADD KEY `fk_users_has_roles_users1_idx` (`users_id`),
  ADD KEY `fk_users_has_roles_roles1_idx` (`roles_id`);

--
-- Indices de la tabla `watchmen`
--
ALTER TABLE `watchmen`
  ADD PRIMARY KEY (`id`),
  ADD UNIQUE KEY `dni_UNIQUE` (`dni`);

--
-- Indices de la tabla `watchmen_has_dismissals`
--
ALTER TABLE `watchmen_has_dismissals`
  ADD PRIMARY KEY (`id`,`watchmen_id`,`resignations_and_dismissals_id`),
  ADD KEY `fk_watchmen_has_dismissals_watchmen1_idx` (`watchmen_id`),
  ADD KEY `fk_watchmen_has_dismissals_resignations_and_dismissals1_idx` (`resignations_and_dismissals_id`);

--
-- Indices de la tabla `watchmen_has_news`
--
ALTER TABLE `watchmen_has_news`
  ADD PRIMARY KEY (`id`,`watchmen_id`,`news_id`),
  ADD KEY `fk_watchmen_has_news_watchmen1_idx` (`watchmen_id`),
  ADD KEY `fk_watchmen_has_news_news1_idx` (`news_id`);

--
-- AUTO_INCREMENT de las tablas volcadas
--

--
-- AUTO_INCREMENT de la tabla `assignment`
--
ALTER TABLE `assignment`
  MODIFY `id` int(11) NOT NULL AUTO_INCREMENT, AUTO_INCREMENT=128;

--
-- AUTO_INCREMENT de la tabla `assignment_as_watchmen`
--
ALTER TABLE `assignment_as_watchmen`
  MODIFY `id` int(11) NOT NULL AUTO_INCREMENT, AUTO_INCREMENT=557;

--
-- AUTO_INCREMENT de la tabla `clients`
--
ALTER TABLE `clients`
  MODIFY `id` int(11) NOT NULL AUTO_INCREMENT, AUTO_INCREMENT=100;

--
-- AUTO_INCREMENT de la tabla `client_has_shifts`
--
ALTER TABLE `client_has_shifts`
  MODIFY `id` bigint(20) NOT NULL AUTO_INCREMENT, AUTO_INCREMENT=49;

--
-- AUTO_INCREMENT de la tabla `news`
--
ALTER TABLE `news`
  MODIFY `id` int(11) NOT NULL AUTO_INCREMENT, AUTO_INCREMENT=99;

--
-- AUTO_INCREMENT de la tabla `resignations_and_dismissals`
--
ALTER TABLE `resignations_and_dismissals`
  MODIFY `id` int(11) NOT NULL AUTO_INCREMENT, AUTO_INCREMENT=18;

--
-- AUTO_INCREMENT de la tabla `roles`
--
ALTER TABLE `roles`
  MODIFY `id` int(11) NOT NULL AUTO_INCREMENT, AUTO_INCREMENT=23;

--
-- AUTO_INCREMENT de la tabla `shifts`
--
ALTER TABLE `shifts`
  MODIFY `id` int(11) NOT NULL AUTO_INCREMENT, AUTO_INCREMENT=101;

--
-- AUTO_INCREMENT de la tabla `users`
--
ALTER TABLE `users`
  MODIFY `id` int(11) NOT NULL AUTO_INCREMENT, AUTO_INCREMENT=2;

--
-- AUTO_INCREMENT de la tabla `users_has_roles`
--
ALTER TABLE `users_has_roles`
  MODIFY `id` int(11) NOT NULL AUTO_INCREMENT;

--
-- AUTO_INCREMENT de la tabla `watchmen`
--
ALTER TABLE `watchmen`
  MODIFY `id` int(11) NOT NULL AUTO_INCREMENT, AUTO_INCREMENT=294;

--
-- AUTO_INCREMENT de la tabla `watchmen_has_dismissals`
--
ALTER TABLE `watchmen_has_dismissals`
  MODIFY `id` int(11) NOT NULL AUTO_INCREMENT, AUTO_INCREMENT=23;

--
-- AUTO_INCREMENT de la tabla `watchmen_has_news`
--
ALTER TABLE `watchmen_has_news`
  MODIFY `id` int(11) NOT NULL AUTO_INCREMENT, AUTO_INCREMENT=128;

--
-- Restricciones para tablas volcadas
--

--
-- Filtros para la tabla `assignment`
--
ALTER TABLE `assignment`
  ADD CONSTRAINT `fk_assignment_clients1` FOREIGN KEY (`clients_id`) REFERENCES `clients` (`id`) ON DELETE NO ACTION ON UPDATE NO ACTION;

--
-- Filtros para la tabla `assignment_as_watchmen`
--
ALTER TABLE `assignment_as_watchmen`
  ADD CONSTRAINT `fk_assignment_as_watchmen_assignment1` FOREIGN KEY (`assignment_id`) REFERENCES `assignment` (`id`) ON DELETE NO ACTION ON UPDATE NO ACTION,
  ADD CONSTRAINT `fk_assignment_as_watchmen_shifts1` FOREIGN KEY (`shifts_id`) REFERENCES `shifts` (`id`) ON DELETE NO ACTION ON UPDATE NO ACTION,
  ADD CONSTRAINT `fk_assignment_as_watchmen_watchmen1` FOREIGN KEY (`watchmen_id`) REFERENCES `watchmen` (`id`) ON DELETE NO ACTION ON UPDATE NO ACTION;

--
-- Filtros para la tabla `clients`
--
ALTER TABLE `clients`
  ADD CONSTRAINT `fk_clients_shifts` FOREIGN KEY (`shifts_id`) REFERENCES `shifts` (`id`) ON DELETE NO ACTION ON UPDATE NO ACTION;

--
-- Filtros para la tabla `client_has_shifts`
--
ALTER TABLE `client_has_shifts`
  ADD CONSTRAINT `fk_client_has_shifts_clients1` FOREIGN KEY (`clients_id`) REFERENCES `clients` (`id`) ON DELETE NO ACTION ON UPDATE NO ACTION,
  ADD CONSTRAINT `fk_client_has_shifts_shifts1` FOREIGN KEY (`shifts_id`) REFERENCES `shifts` (`id`) ON DELETE NO ACTION ON UPDATE NO ACTION;

--
-- Filtros para la tabla `news`
--
ALTER TABLE `news`
  ADD CONSTRAINT `fk_news_assignment1` FOREIGN KEY (`assignment_id`,`assignment_clients_id`) REFERENCES `assignment` (`id`, `clients_id`) ON DELETE NO ACTION ON UPDATE NO ACTION,
  ADD CONSTRAINT `fk_news_clients1` FOREIGN KEY (`clients_id`) REFERENCES `clients` (`id`) ON DELETE NO ACTION ON UPDATE NO ACTION;

--
-- Filtros para la tabla `users_has_roles`
--
ALTER TABLE `users_has_roles`
  ADD CONSTRAINT `fk_users_has_roles_roles1` FOREIGN KEY (`roles_id`) REFERENCES `roles` (`id`) ON DELETE NO ACTION ON UPDATE NO ACTION,
  ADD CONSTRAINT `fk_users_has_roles_users1` FOREIGN KEY (`users_id`) REFERENCES `users` (`id`) ON DELETE NO ACTION ON UPDATE NO ACTION;

--
-- Filtros para la tabla `watchmen_has_dismissals`
--
ALTER TABLE `watchmen_has_dismissals`
  ADD CONSTRAINT `fk_watchmen_has_dismissals_resignations_and_dismissals1` FOREIGN KEY (`resignations_and_dismissals_id`) REFERENCES `resignations_and_dismissals` (`id`) ON DELETE NO ACTION ON UPDATE NO ACTION,
  ADD CONSTRAINT `fk_watchmen_has_dismissals_watchmen1` FOREIGN KEY (`watchmen_id`) REFERENCES `watchmen` (`id`) ON DELETE NO ACTION ON UPDATE NO ACTION;

--
-- Filtros para la tabla `watchmen_has_news`
--
ALTER TABLE `watchmen_has_news`
  ADD CONSTRAINT `fk_watchmen_has_news_news1` FOREIGN KEY (`news_id`) REFERENCES `news` (`id`) ON DELETE NO ACTION ON UPDATE NO ACTION,
  ADD CONSTRAINT `fk_watchmen_has_news_watchmen1` FOREIGN KEY (`watchmen_id`) REFERENCES `watchmen` (`id`) ON DELETE NO ACTION ON UPDATE NO ACTION;
COMMIT;

/*!40101 SET CHARACTER_SET_CLIENT=@OLD_CHARACTER_SET_CLIENT */;
/*!40101 SET CHARACTER_SET_RESULTS=@OLD_CHARACTER_SET_RESULTS */;
/*!40101 SET COLLATION_CONNECTION=@OLD_COLLATION_CONNECTION */;
